fips,rate_v2,rate_v3
01001,459.5,459.8
01003,442.5,443.9
01005,444.5,448.3
01007,444.8,429.4
01009,410.1,421.1
01011,434.2,425.1
01013,460.9,467.1
01015,493.2,497.7
01017,435.9,441.0
01019,421.5,425.2
01021,422.7,431.1
01023,384.3,375.1
01025,499.9,503.3
01027,466.4,482.8
01029,423.6,439.5
01031,419.5,420.3
01033,434.3,427.5
01035,464.9,487.3
01037,388.1,384.8
01039,394.7,398.3
01041,558.5,566.6
01043,406.7,413.5
01045,432.2,443.8
01047,426.1,408.5
01049,369.3,374.7
01051,474.6,474.6
01053,393.2,392.1
01055,453.8,465.9
01057,422.2,414.3
01059,421.9,411.8
01061,406.7,413.8
01063,466.4,427.3
01065,453.9,451.1
01067,446.0,450.1
01069,432.0,442.1
01071,424.4,430.7
01073,434.2,437.0
01075,452.1,436.6
01077,411.4,406.8
01079,474.9,471.6
01081,343.6,366.2
01083,423.3,414.6
01085,548.3,532.8
01087,430.1,442.1
01089,405.5,407.2
01091,446.8,445.2
01093,423.2,419.3
01095,423.8,429.7
01097,434.4,443.0
01099,427.7,427.9
01101,447.7,449.9
01103,467.3,450.4
01105,435.5,405.9
01107,502.9,466.7
01109,464.1,481.8
01111,431.4,437.9
01113,368.3,393.0
01115,441.7,438.7
01117,394.4,390.2
01119,454.3,413.4
01121,461.2,452.4
01123,483.1,476.6
01125,391.0,383.2
01127,488.8,485.3
01129,461.3,458.3
01131,491.1,473.7
01133,431.3,447.6
02013,219.1,362.8
02016,290.1,270.5
02020,451.5,451.8
02050,366.6,389.5
02060,364.7,356.7
02068,491.6,425.5
02070,442.9,457.9
02090,408.5,440.3
02100,344.3,383.0
02105,410.2,445.5
02110,396.9,403.3
02122,446.9,443.7
02130,474.1,480.7
02150,405.2,402.3
02158,403.7,390.2
02164,480.1,566.8
02170,433.9,433.1
02180,488.5,460.8
02185,321.7,284.4
02188,422.0,392.5
02195,327.2,358.7
02198,431.4,431.3
02220,355.2,365.6
02230,345.4,299.5
02240,511.8,525.7
02261,359.3,344.5
02275,429.2,405.4
02290,518.4,435.8
04001,301.3,318.2
04003,393.9,402.2
04005,329.4,329.6
04007,327.9,337.3
04009,328.9,332.1
04011,365.0,374.4
04012,406.4,432.2
04013,395.2,395.4
04015,405.2,411.5
04017,370.0,373.5
04019,397.9,400.9
04021,389.8,377.4
04023,319.5,327.8
04025,406.8,405.6
04027,381.6,386.2
05001,515.8,553.7
05003,428.4,436.9
05005,464.7,479.0
05007,417.5,442.4
05009,458.9,464.8
05011,456.2,461.4
05013,449.9,489.9
05015,432.6,443.8
05017,430.7,452.0
05019,498.9,524.0
05021,526.8,489.4
05023,492.5,534.0
05025,479.3,544.9
05027,400.4,415.5
05029,470.6,486.1
05031,494.9,503.5
05033,477.3,498.5
05035,467.4,474.1
05037,474.7,471.6
05039,460.8,518.5
05041,521.7,557.6
05043,543.8,555.5
05045,452.1,488.5
05047,483.9,493.6
05049,447.2,462.9
05051,463.0,488.9
05053,471.8,488.5
05055,492.4,486.5
05057,378.8,382.8
05059,486.4,505.4
05061,394.5,400.0
05063,449.0,468.4
05065,394.1,419.9
05067,463.6,469.7
05069,531.0,563.7
05071,442.5,469.2
05073,457.1,461.5
05075,585.0,592.8
05077,446.0,457.7
05079,416.5,456.3
05081,406.5,390.3
05083,486.7,524.6
05085,476.1,508.0
05087,392.4,414.4
05089,411.9,425.4
05091,417.6,402.5
05093,516.5,510.3
05095,482.5,489.3
05097,434.9,400.9
05099,407.5,424.6
05101,412.7,440.4
05103,488.6,515.0
05105,407.4,463.6
05107,457.7,481.4
05109,422.2,464.9
05111,559.5,571.2
05113,403.9,433.7
05115,448.8,471.4
05117,412.2,472.9
05119,444.5,490.3
05121,534.2,535.4
05123,453.7,450.5
05125,458.1,468.6
05127,476.5,501.1
05129,513.8,544.9
05131,454.7,468.0
05133,376.6,362.4
05135,516.9,513.9
05137,424.2,456.3
05139,464.3,489.5
05141,480.9,510.0
05143,391.8,410.7
05145,477.3,497.3
05147,539.3,502.7
05149,445.7,461.4
06001,371.6,383.1
06003,268.5,242.4
06005,427.1,425.4
06007,483.2,487.6
06009,416.0,430.9
06011,373.6,384.2
06013,409.6,420.5
06015,342.4,339.2
06017,423.8,432.3
06019,390.1,399.5
06021,487.2,501.0
06023,440.5,447.9
06025,363.7,363.0
06027,345.4,360.3
06029,402.5,404.1
06031,364.6,374.2
06033,419.7,431.6
06035,331.2,339.0
06037,369.1,381.3
06039,393.9,403.0
06041,443.4,457.3
06043,402.9,444.1
06045,404.7,415.9
06047,378.9,390.1
06049,290.7,277.0
06051,291.4,326.1
06053,373.8,389.3
06055,416.2,432.8
06057,400.9,409.2
06059,407.8,414.3
06061,436.1,439.4
06063,360.1,379.4
06065,397.8,398.5
06067,406.9,410.1
06069,396.9,421.1
06071,398.6,398.3
06073,426.1,429.9
06075,384.5,400.0
06077,396.2,400.1
06079,455.6,458.1
06081,398.8,414.6
06083,452.3,463.6
06085,384.0,395.8
06087,463.9,464.3
06089,461.4,460.2
06091,259.6,292.6
06093,357.4,356.5
06095,417.6,414.2
06097,435.6,455.3
06099,423.6,425.1
06101,415.3,410.3
06103,448.6,451.4
06105,300.4,274.6
06107,361.7,365.5
06109,421.2,442.8
06111,434.4,445.6
06113,413.8,429.1
06115,447.3,455.4
08001,402.7,407.2
08003,337.3,340.2
08005,393.1,397.9
08007,311.9,333.6
08009,384.2,375.8
08011,304.8,288.9
08013,390.5,393.3
08014,391.3,377.4
08015,413.5,415.4
08017,525.9,522.2
08019,286.6,307.5
08021,277.4,291.3
08023,317.9,313.2
08025,298.6,287.6
08027,323.3,317.9
08029,390.8,417.9
08031,404.1,400.3
08033,343.2,318.2
08035,398.6,404.3
08037,314.2,328.5
08039,381.9,380.5
08041,389.4,389.6
08043,386.8,372.7
08045,391.1,416.2
08047,268.9,315.7
08049,296.3,303.9
08051,334.7,343.3
08055,391.3,398.4
08057,526.8,536.3
08059,401.9,403.9
08061,475.6,463.0
08063,333.7,329.4
08065,311.6,319.0
08067,372.7,384.4
08069,424.2,426.8
08071,362.2,364.9
08073,408.5,404.0
08075,331.1,333.7
08077,421.5,421.6
08079,207.4,284.6
08081,381.1,399.1
08083,328.6,337.4
08085,386.9,393.4
08087,355.6,351.7
08089,396.0,381.0
08091,375.1,387.2
08093,349.1,362.3
08095,371.7,382.5
08097,294.5,322.0
08099,445.5,418.7
08101,430.6,401.0
08103,361.5,381.9
08105,341.3,338.8
08107,398.5,424.0
08109,262.9,271.2
08113,333.3,320.0
08115,352.1,298.8
08117,287.5,321.1
08119,387.2,379.1
08121,348.2,332.8
08123,411.3,411.3
08125,309.5,311.9
09001,458.9,464.8
09003,468.8,478.0
09005,462.9,472.7
09007,473.7,488.8
09009,472.8,482.0
09011,475.2,496.8
09013,468.0,469.1
09015,472.2,477.6
10001,498.2,511.9
10003,451.9,451.3
10005,461.1,480.8
11001,426.9,420.9
12001,447.1,441.8
12003,479.6,492.3
12005,480.3,483.2
12007,472.8,494.6
12009,506.1,521.3
12011,422.5,429.8
12013,437.8,452.7
12015,468.5,459.6
12017,526.6,525.1
12019,512.8,523.1
12021,428.5,428.0
12023,503.5,493.5
12027,454.0,439.4
12029,493.8,476.9
12031,498.8,501.3
12033,507.8,507.0
12035,531.0,538.5
12037,403.2,419.8
12039,475.0,499.9
12041,505.2,493.8
12043,408.4,455.0
12045,442.4,449.5
12047,443.3,444.9
12049,472.0,463.7
12051,445.7,468.1
12053,553.1,552.0
12055,489.8,481.2
12057,497.9,500.4
12059,274.1,278.6
12061,519.3,515.9
12063,318.6,338.7
12065,386.9,393.7
12067,448.7,461.9
12069,495.2,497.6
12071,443.2,444.4
12073,451.3,470.7
12075,505.4,509.3
12077,447.0,453.0
12079,364.0,383.6
12081,453.8,456.6
12083,525.1,523.1
12085,461.3,468.9
12086,421.7,427.5
12087,385.7,397.4
12089,541.8,526.3
12091,433.6,439.0
12093,471.4,471.5
12095,422.3,423.5
12097,451.1,443.4
12099,431.1,438.2
12101,515.8,519.3
12103,494.9,497.6
12105,493.6,499.3
12107,500.3,514.8
12109,510.0,517.0
12111,469.7,476.1
12113,488.0,494.0
12115,486.6,485.4
12117,466.8,471.6
12119,471.6,466.3
12121,469.5,478.4
12123,472.5,490.5
12125,1248.4,1215.0
12127,513.7,506.5
12129,510.7,529.2
12131,388.7,402.4
12133,353.0,336.1
13001,477.5,491.8
13003,406.2,408.9
13005,464.9,474.8
13007,429.0,422.2
13009,513.1,515.7
13011,497.0,492.8
13013,525.7,524.9
13015,481.5,481.5
13017,492.5,479.8
13019,467.5,494.3
13021,470.0,464.8
13023,439.4,439.9
13025,489.2,512.1
13027,497.8,485.6
13029,508.9,529.3
13031,431.4,428.1
13033,468.3,477.4
13035,516.5,516.1
13037,506.5,512.1
13039,505.0,519.8
13043,415.8,410.8
13045,485.1,495.6
13047,425.9,448.0
13049,407.0,409.9
13051,435.8,443.5
13053,605.6,601.3
13055,467.5,458.1
13057,513.0,513.7
13059,437.3,432.5
13061,314.3,326.2
13063,462.8,453.7
13065,474.9,482.5
13067,465.0,467.1
13069,465.7,475.0
13071,464.9,470.4
13073,435.7,446.0
13075,490.3,505.8
13077,468.6,472.0
13079,512.5,486.2
13081,427.0,489.7
13083,429.4,447.7
13085,476.6,476.6
13087,431.4,438.9
13089,442.0,447.2
13091,417.5,418.4
13093,414.6,413.4
13095,496.5,511.7
13097,479.5,478.9
13099,447.5,459.1
13101,496.5,509.6
13103,534.1,540.9
13105,541.3,523.7
13107,468.9,454.0
13109,453.9,453.8
13111,491.2,495.9
13113,449.4,442.7
13115,469.3,475.4
13117,483.0,491.1
13119,482.1,484.3
13121,464.5,469.3
13123,481.6,465.4
13125,449.2,463.9
13127,458.9,467.6
13129,486.0,493.8
13131,425.4,437.9
13133,494.0,482.1
13135,448.7,451.4
13137,534.1,524.3
13139,504.9,498.3
13141,446.4,455.0
13143,502.6,511.0
13145,451.6,450.7
13147,462.8,461.1
13149,499.0,479.4
13151,479.4,479.0
13153,475.7,475.6
13155,418.2,447.3
13157,493.3,487.2
13159,536.9,518.8
13161,409.6,426.9
13163,504.5,522.3
13165,393.9,384.7
13167,466.4,459.1
13169,530.0,505.5
13171,518.0,534.9
13173,524.6,545.3
13175,433.5,430.7
13177,531.1,516.2
13179,473.1,491.4
13181,480.7,449.1
13183,402.9,435.3
13185,472.2,477.0
13187,534.6,531.6
13189,523.7,530.8
13191,467.7,481.7
13193,462.8,468.1
13195,500.6,508.1
13197,413.6,447.9
13199,491.4,493.9
13201,426.0,420.9
13205,504.0,502.0
13207,480.4,465.0
13209,432.0,448.4
13211,489.1,476.6
13213,492.3,492.0
13215,475.2,486.2
13217,508.9,510.0
13219,422.1,421.7
13221,532.3,525.7
13223,491.4,490.8
13225,472.0,489.1
13227,572.1,580.0
13229,501.6,492.5
13231,542.0,520.7
13233,488.2,487.3
13235,451.5,432.8
13237,473.9,493.2
13239,410.6,358.6
13241,473.0,497.7
13243,427.5,412.9
13245,476.3,481.4
13247,447.5,464.1
13249,431.7,420.5
13251,458.6,444.9
13253,343.6,361.8
13255,506.9,519.0
13257,519.0,537.7
13259,489.7,479.6
13261,530.5,522.0
13263,500.2,499.2
13265,442.4,460.4
13267,435.7,418.3
13269,403.0,387.1
13271,410.0,391.4
13273,533.9,494.2
13275,481.4,495.8
13277,483.0,482.9
13279,475.0,454.1
13281,515.1,487.5
13283,478.9,462.8
13285,479.7,483.5
13287,478.8,485.3
13289,549.2,544.6
13291,480.3,484.5
13293,449.3,447.6
13295,437.7,463.5
13297,512.0,508.6
13299,472.8,492.7
13301,527.2,502.8
13303,457.1,473.4
13305,518.3,531.7
13307,443.0,453.5
13309,328.4,339.7
13311,538.7,543.5
13313,467.9,463.5
13315,393.2,381.2
13317,469.3,482.1
13319,502.3,524.0
13321,492.9,489.3
15001,412.1,419.2
15003,407.8,404.0
15007,372.1,384.9
15009,414.5,414.1
16001,453.1,453.9
16003,396.4,394.9
16005,425.6,441.7
16007,383.3,348.6
16009,421.0,422.1
16011,431.7,433.1
16013,423.1,439.7
16015,410.5,424.9
16017,458.2,443.5
16019,450.1,426.7
16021,485.3,475.0
16023,471.5,481.2
16025,342.9,333.8
16027,463.7,476.2
16029,465.5,460.2
16031,409.2,409.0
16033,336.3,319.9
16035,452.5,475.8
16037,381.8,345.1
16039,491.9,507.5
16041,411.4,395.3
16043,378.2,362.0
16045,447.5,470.5
16047,416.6,396.1
16049,440.1,449.8
16051,433.6,421.1
16053,430.8,416.5
16055,457.8,447.3
16057,422.6,435.7
16059,417.1,435.5
16061,487.7,503.0
16063,405.2,406.0
16065,413.8,412.1
16067,420.4,410.1
16069,426.0,424.8
16071,428.0,443.9
16073,431.4,440.6
16075,477.4,479.5
16077,384.7,380.8
16079,488.1,484.9
16081,421.1,401.7
16083,427.8,441.6
16085,429.1,413.7
16087,486.7,483.4
17001,517.6,515.7
17003,564.2,603.7
17005,501.2,511.6
17007,442.1,444.4
17009,499.3,542.3
17011,513.1,503.2
17013,478.5,496.5
17015,481.0,484.8
17017,461.3,502.5
17019,458.1,467.2
17021,543.5,555.7
17023,440.9,410.8
17025,554.3,587.0
17027,502.1,506.9
17029,458.8,446.0
17031,432.1,435.0
17033,449.5,427.4
17035,496.8,456.8
17037,556.8,568.1
17039,466.2,488.9
17041,486.1,486.7
17043,447.9,454.1
17045,446.1,447.4
17047,436.6,434.5
17049,494.0,487.0
17051,478.8,458.9
17053,513.0,491.9
17055,531.2,529.2
17057,524.6,537.7
17059,453.4,453.8
17061,544.6,577.3
17063,541.8,527.7
17065,385.7,371.6
17067,464.1,474.3
17069,477.2,482.2
17071,421.7,452.6
17073,472.0,479.9
17075,507.3,500.1
17077,513.9,531.4
17079,524.7,542.2
17081,491.3,493.6
17083,515.1,515.2
17085,429.8,433.5
17087,469.3,469.2
17089,445.9,457.4
17091,495.9,499.6
17093,479.4,475.8
17095,471.5,471.0
17097,458.8,476.0
17099,498.8,503.5
17101,465.8,421.4
17103,472.6,473.9
17105,478.4,469.0
17107,540.8,543.3
17109,453.3,454.3
17111,479.4,495.8
17113,431.8,428.8
17115,553.7,558.2
17117,544.4,538.8
17119,501.1,509.7
17121,565.2,553.3
17123,489.6,496.7
17125,549.5,564.9
17127,456.8,435.0
17129,591.0,579.6
17131,532.6,517.6
17133,457.6,460.3
17135,489.1,508.7
17137,560.2,562.5
17139,487.3,503.7
17141,480.6,490.7
17143,500.8,507.9
17145,503.5,501.8
17147,478.1,473.5
17149,557.7,563.9
17151,422.3,406.6
17153,546.9,579.7
17155,467.9,472.6
17157,479.1,482.6
17159,454.3,447.4
17161,437.2,441.9
17163,480.8,492.1
17165,471.5,454.6
17167,545.7,552.9
17169,483.0,485.6
17171,554.9,506.4
17173,567.9,546.4
17175,508.6,481.6
17177,433.7,447.8
17179,504.4,505.0
17181,460.5,493.3
17183,536.1,546.5
17185,462.0,459.6
17187,503.1,483.4
17189,522.2,505.2
17191,424.7,421.4
17193,421.6,386.5
17195,460.1,479.0
17197,470.5,477.1
17199,497.8,499.1
17201,457.1,459.8
17203,501.6,495.2
19001,396.9,407.2
19003,451.4,513.7
19005,421.2,467.5
19007,551.7,556.1
19009,438.8,444.0
19011,513.6,518.7
19013,516.6,516.7
19015,511.7,518.1
19017,487.8,505.2
19019,512.6,520.0
19021,405.4,406.8
19023,514.1,533.6
19025,496.5,490.9
19027,454.7,460.0
19029,568.8,581.9
19031,492.3,515.0
19033,516.0,493.4
19035,554.9,552.8
19037,520.4,547.9
19039,470.1,457.0
19041,523.8,515.9
19043,478.1,485.2
19045,531.5,547.3
19047,455.5,486.2
19049,443.4,450.6
19051,458.6,480.0
19053,533.4,533.8
19055,471.3,481.2
19057,509.7,520.2
19059,512.5,510.3
19061,475.6,493.6
19063,514.6,498.7
19065,463.8,481.5
19067,499.4,531.7
19069,525.7,530.0
19071,491.9,517.6
19073,514.7,519.0
19075,501.3,528.0
19077,460.0,460.1
19079,421.8,444.2
19081,459.5,463.9
19083,476.9,463.0
19085,546.2,522.7
19087,466.9,467.4
19089,539.3,546.9
19091,501.9,513.1
19093,501.4,477.3
19095,504.9,521.5
19097,513.6,545.6
19099,473.5,490.8
19101,453.0,474.9
19103,475.4,483.3
19105,491.5,485.4
19107,518.5,520.1
19109,441.8,444.1
19111,508.8,505.4
19113,505.9,512.2
19115,477.0,502.7
19117,456.1,489.2
19119,482.7,509.3
19121,528.9,540.6
19123,490.2,484.5
19125,508.4,517.5
19127,499.0,500.3
19129,493.8,483.2
19131,505.9,517.6
19133,520.4,545.9
19135,540.9,534.3
19137,526.5,505.8
19139,496.2,503.0
19141,479.3,483.0
19143,465.3,519.0
19145,511.8,520.3
19147,580.0,573.1
19149,509.3,520.9
19151,511.4,534.3
19153,490.6,497.8
19155,485.6,493.3
19157,452.7,479.3
19159,511.7,514.5
19161,479.9,493.2
19163,507.2,511.6
19165,456.9,458.3
19167,481.9,485.8
19169,453.1,462.4
19171,530.8,544.4
19173,481.1,441.6
19175,485.5,490.0
19177,459.2,483.5
19179,522.2,524.2
19181,467.8,475.4
19183,480.5,494.7
19185,468.7,440.0
19187,484.0,487.8
19189,454.4,458.0
19191,465.4,470.0
19193,519.5,515.4
19195,504.1,499.3
19197,425.4,472.2
21001,583.1,579.8
21003,479.6,480.9
21005,478.1,530.1
21007,458.7,470.4
21009,531.5,506.7
21011,583.7,564.6
21013,489.9,493.8
21015,495.7,500.6
21017,528.9,547.1
21019,537.6,540.5
21021,503.8,524.3
21023,605.3,621.8
21025,492.9,468.3
21027,541.5,521.2
21029,534.0,537.5
21031,563.2,556.3
21033,467.7,458.7
21035,529.4,526.0
21037,512.4,523.5
21039,545.2,524.7
21041,510.7,501.7
21043,555.8,572.6
21045,498.9,510.9
21047,503.9,526.1
21049,518.3,536.6
21051,547.7,573.2
21053,565.1,534.6
21055,435.7,414.2
21057,579.6,606.5
21059,502.5,508.8
21061,471.2,468.1
21063,398.0,404.6
21065,586.6,572.7
21067,478.4,494.2
21069,548.5,530.4
21071,606.6,588.0
21073,493.1,497.9
21075,502.6,581.1
21077,532.0,545.4
21079,508.4,532.5
21081,575.8,572.7
21083,504.5,493.4
21085,567.0,566.8
21087,544.7,550.8
21089,505.9,502.2
21091,478.6,484.0
21093,538.2,545.6
21095,531.4,516.1
21097,555.1,547.3
21099,537.5,530.2
21101,453.4,439.7
21103,551.1,538.2
21105,447.7,448.0
21107,500.3,502.7
21109,511.1,500.1
21111,512.7,518.0
21113,505.2,518.1
21115,516.3,504.3
21117,522.0,525.3
21119,482.6,479.6
21121,595.8,588.0
21123,498.7,511.4
21125,490.4,501.4
21127,552.4,558.1
21129,509.9,465.9
21131,492.2,509.0
21133,500.4,524.1
21135,504.1,500.6
21137,608.6,598.0
21139,588.6,598.4
21141,525.1,517.0
21143,491.0,475.8
21145,522.2,529.0
21147,523.3,531.6
21149,548.5,541.0
21151,508.6,520.9
21153,520.5,537.0
21155,535.4,541.0
21157,518.1,528.3
21159,519.6,493.8
21161,503.4,524.2
21163,505.4,518.4
21165,452.1,485.3
21167,545.0,549.1
21169,527.6,534.2
21171,551.7,534.6
21173,543.9,558.6
21175,480.4,477.6
21177,483.5,483.0
21179,531.5,552.9
21181,505.9,494.7
21183,497.5,519.5
21185,535.1,541.3
21187,543.9,534.5
21189,592.1,564.4
21191,532.7,540.1
21193,538.1,523.6
21195,550.7,541.4
21197,592.1,594.3
21199,527.8,535.8
21201,503.6,525.1
21203,547.5,578.7
21205,476.7,476.5
21207,535.1,526.3
21209,483.8,491.7
21211,480.7,485.1
21213,473.8,486.1
21215,550.0,537.6
21217,552.7,565.3
21219,452.1,467.4
21221,490.0,500.5
21223,532.9,579.7
21225,410.8,424.9
21227,463.5,479.6
21229,516.0,538.4
21231,534.5,522.2
21233,448.6,444.1
21235,569.5,578.7
21237,574.5,615.5
21239,513.6,523.9
22001,532.2,537.4
22003,516.6,527.0
22005,499.6,501.2
22007,504.3,515.2
22009,495.8,511.3
22011,520.2,518.6
22013,523.2,542.0
22015,477.2,485.6
22017,481.8,488.2
22019,469.9,469.9
22021,470.0,474.9
22023,579.7,585.6
22025,486.2,516.3
22027,514.1,531.2
22029,431.7,444.0
22031,508.6,521.8
22033,475.3,481.1
22035,502.8,501.5
22037,485.9,491.9
22039,510.6,521.2
22041,488.9,499.8
22043,479.4,482.6
22045,529.2,530.5
22047,586.4,596.5
22049,509.1,521.3
22051,465.7,472.2
22053,486.1,486.8
22055,483.8,495.0
22057,464.4,469.0
22059,495.0,492.6
22061,421.8,432.6
22063,491.2,502.1
22065,471.2,445.6
22067,492.1,508.2
22069,520.7,516.8
22071,434.1,437.8
22073,481.3,482.2
22075,468.5,474.7
22077,500.9,494.0
22079,479.6,476.5
22081,475.5,502.5
22083,510.7,515.2
22085,491.9,502.5
22087,493.9,495.7
22089,488.5,502.7
22091,461.4,446.7
22093,533.5,511.2
22095,458.2,474.3
22097,542.3,538.2
22099,530.2,528.4
22101,488.4,498.4
22103,498.7,509.5
22105,497.5,501.8
22107,469.7,465.3
22109,501.7,502.6
22111,508.9,509.9
22113,537.0,546.7
22115,485.0,481.4
22117,517.1,526.6
22119,500.5,506.2
22121,494.3,511.1
22123,500.6,513.1
22125,508.9,546.6
22127,473.9,468.5
23001,452.6,453.4
23003,466.1,480.7
23005,444.5,453.4
23007,452.2,452.4
23009,520.9,521.0
23011,470.5,484.2
23013,482.7,487.3
23015,434.5,433.8
23017,461.8,469.9
23019,527.4,529.6
23021,564.2,542.2
23023,471.7,482.7
23025,490.4,485.3
23027,493.9,509.5
23029,552.8,550.8
23031,482.9,486.1
24001,535.4,523.6
24003,457.4,474.4
24005,479.9,480.2
24009,480.5,490.4
24011,484.5,487.1
24013,493.3,503.8
24015,499.0,484.5
24017,439.1,452.6
24019,492.5,506.1
24021,444.0,460.7
24023,403.6,395.1
24025,495.2,491.8
24027,415.0,417.1
24029,474.4,494.1
24031,394.2,398.8
24033,391.2,395.9
24035,479.8,483.9
24037,472.6,480.7
24039,504.2,490.3
24041,472.8,482.6
24043,454.6,450.1
24045,509.0,499.3
24047,500.3,494.7
24510,479.2,485.2
25001,447.4,444.4
25003,458.4,458.7
25005,453.8,432.9
25007,403.3,380.0
25009,433.6,430.0
25011,410.7,403.5
25013,436.4,434.1
25015,406.8,407.6
25017,414.0,412.2
25019,419.9,390.1
25021,454.3,445.1
25023,476.5,469.3
25025,405.5,398.3
25027,457.1,460.7
26001,473.7,475.8
26003,379.0,410.0
26005,388.7,398.5
26007,470.2,478.1
26009,424.0,439.1
26011,454.2,485.6
26013,337.8,304.7
26015,406.0,428.8
26017,486.3,502.3
26019,460.0,469.3
26021,435.5,440.9
26023,399.8,426.6
26025,436.5,462.2
26027,398.5,399.6
26029,375.3,403.9
26031,406.1,438.7
26033,441.6,466.4
26035,469.0,477.7
26037,416.1,431.9
26039,475.7,487.7
26041,417.5,435.9
26043,348.0,322.3
26045,446.5,460.4
26047,421.9,464.3
26049,396.2,414.2
26051,509.1,509.0
26053,319.8,341.8
26055,457.1,455.5
26057,453.6,472.3
26059,420.7,454.0
26061,295.8,300.7
26063,425.3,436.2
26065,430.7,444.3
26067,407.6,421.6
26069,445.7,459.5
26071,400.0,366.5
26073,433.0,476.6
26075,468.4,503.2
26077,414.3,422.6
26079,495.5,508.3
26081,409.3,418.7
26083,220.9,225.2
26085,483.4,494.0
26087,448.5,452.8
26089,446.3,441.0
26091,386.9,404.6
26093,420.9,435.2
26095,414.4,394.2
26097,390.0,413.9
26099,490.6,490.8
26101,444.9,461.4
26103,384.5,398.7
26105,417.2,448.0
26107,438.9,459.7
26109,374.9,403.4
26111,460.1,477.8
26113,423.5,441.8
26115,359.6,382.1
26117,425.9,439.0
26119,485.5,515.9
26121,315.1,354.3
26123,440.5,444.0
26125,471.7,466.8
26127,326.0,354.8
26129,486.6,487.5
26131,340.3,336.3
26133,415.3,439.2
26135,452.0,443.9
26137,410.7,410.7
26139,372.9,387.9
26141,425.2,441.3
26143,471.0,473.1
26145,470.6,479.5
26147,467.9,475.4
26149,399.5,412.8
26151,451.4,457.1
26153,355.3,340.6
26155,431.3,454.6
26157,430.5,445.0
26159,430.8,424.9
26161,422.6,430.9
26163,478.5,476.2
26165,448.4,459.3
27001,489.5,501.1
27003,494.4,503.2
27005,523.4,523.5
27007,512.8,531.7
27009,444.3,455.1
27011,511.6,494.7
27013,457.4,469.3
27015,509.9,519.6
27017,485.4,487.5
27019,445.9,457.4
27021,481.0,500.1
27023,528.2,527.7
27025,502.0,514.1
27027,540.1,549.9
27029,493.5,507.8
27031,408.6,425.3
27033,489.9,497.4
27035,507.8,519.7
27037,489.5,491.9
27039,478.7,474.1
27041,487.4,492.6
27043,492.4,486.6
27045,490.2,487.3
27047,448.5,439.7
27049,484.0,488.2
27051,530.6,541.1
27053,458.7,460.5
27055,452.2,450.6
27057,531.1,539.4
27059,514.4,519.2
27061,493.1,501.4
27063,445.7,459.1
27065,469.6,504.8
27067,483.1,493.2
27069,491.6,488.6
27071,429.5,445.3
27073,440.7,440.7
27075,505.1,482.8
27077,477.7,511.6
27079,487.5,499.5
27081,582.3,528.6
27083,478.9,483.0
27085,452.8,462.4
27087,568.0,608.7
27089,515.5,522.4
27091,483.8,488.2
27093,468.1,477.8
27095,508.9,522.3
27097,479.3,494.3
27099,457.5,481.6
27101,456.1,475.8
27103,466.1,466.0
27105,473.8,472.0
27107,546.5,557.3
27109,516.0,529.2
27111,498.2,521.3
27113,503.9,522.8
27115,502.0,495.5
27117,517.1,542.4
27119,501.6,501.8
27121,470.7,490.3
27123,473.3,481.1
27125,552.4,532.2
27127,499.4,538.2
27129,517.7,554.9
27131,475.3,483.8
27133,470.6,457.8
27135,444.4,435.3
27137,494.1,501.2
27139,470.2,475.1
27141,485.1,489.8
27143,508.0,474.2
27145,470.2,467.3
27147,459.9,469.2
27149,439.8,448.6
27151,421.1,450.9
27153,435.8,448.6
27155,693.5,606.0
27157,484.6,490.7
27159,502.9,545.0
27161,459.5,502.3
27163,504.0,516.1
27165,501.5,512.6
27167,544.2,539.1
27169,474.4,476.1
27171,477.3,494.1
27173,502.1,483.5
28001,429.7,435.5
28003,448.5,433.7
28005,438.2,439.4
28007,472.6,468.2
28009,442.6,452.9
28011,451.2,434.4
28013,501.3,504.8
28015,452.7,437.0
28017,518.8,521.0
28019,426.6,412.4
28021,432.7,423.2
28023,446.0,462.9
28025,472.4,483.8
28027,543.8,554.2
28029,458.9,460.6
28031,539.7,560.1
28033,446.6,455.6
28035,497.7,511.5
28037,421.6,421.3
28039,412.0,439.4
28041,392.7,416.5
28043,516.9,519.8
28045,476.1,474.4
28047,485.2,498.9
28049,489.8,485.8
28051,522.6,540.9
28053,541.6,538.7
28055,490.0,532.4
28057,486.1,521.7
28059,476.6,481.8
28061,463.8,489.7
28063,498.0,493.6
28065,494.5,474.8
28067,458.7,476.8
28069,423.4,433.4
28071,407.1,424.4
28073,458.3,462.7
28075,424.7,422.6
28077,504.7,498.0
28079,434.1,429.7
28081,512.7,517.9
28083,498.3,499.6
28085,443.2,434.3
28087,460.5,470.3
28089,489.6,488.1
28091,482.6,491.2
28093,469.6,468.6
28095,504.5,516.0
28097,496.6,462.9
28099,438.2,439.0
28101,454.1,451.2
28103,452.4,432.9
28105,403.9,420.9
28107,482.8,471.3
28109,499.5,494.7
28111,505.5,491.2
28113,486.9,506.6
28115,501.3,525.8
28117,463.6,470.7
28119,626.5,621.8
28121,431.9,424.8
28123,449.8,448.4
28125,469.1,537.6
28127,497.0,508.3
28129,511.4,517.6
28131,468.4,475.2
28133,473.4,452.3
28135,486.2,483.9
28137,459.0,471.8
28139,453.4,477.7
28141,547.2,528.6
28143,516.0,538.5
28145,495.7,484.9
28147,478.9,475.7
28149,435.2,432.2
28151,480.9,476.1
28153,437.7,457.5
28155,462.2,481.2
28157,471.4,461.3
28159,434.3,434.7
28161,502.3,512.6
28163,509.4,508.3
29001,406.6,431.8
29003,471.9,450.7
29005,396.5,413.5
29007,458.4,459.5
29009,441.4,446.6
29011,455.3,472.9
29013,405.7,460.8
29015,450.9,469.8
29017,500.0,516.3
29019,448.5,474.6
29021,478.8,511.9
29023,485.4,497.6
29025,390.2,457.4
29027,459.6,467.5
29029,423.3,449.5
29031,473.8,469.8
29033,399.4,445.1
29035,515.4,581.9
29037,442.4,469.0
29039,413.6,450.9
29041,479.5,487.4
29043,434.3,438.8
29045,432.9,502.2
29047,445.8,474.6
29049,438.8,442.6
29051,440.6,464.9
29053,476.9,502.3
29055,518.6,495.8
29057,424.8,401.4
29059,470.8,455.0
29061,402.0,432.3
29063,387.0,373.8
29065,456.1,478.4
29067,366.2,407.3
29069,508.1,535.9
29071,493.8,518.1
29073,463.8,462.5
29075,473.1,512.0
29077,423.8,459.3
29079,454.6,492.7
29081,476.0,467.3
29083,460.1,503.0
29085,407.4,418.6
29087,506.6,513.4
29089,426.2,460.4
29091,457.4,465.8
29093,529.1,548.1
29095,430.5,454.1
29097,506.6,526.8
29099,480.4,485.3
29101,444.5,478.4
29103,419.3,499.2
29105,430.4,431.8
29107,458.8,465.7
29109,415.5,421.3
29111,495.8,536.8
29113,499.0,490.6
29115,457.9,499.1
29117,474.5,487.0
29119,422.6,437.1
29121,477.4,478.2
29123,524.5,554.2
29125,363.4,383.3
29127,530.0,549.1
29129,470.6,434.5
29131,468.9,455.8
29133,533.7,530.9
29135,453.0,463.8
29137,482.1,506.3
29139,537.0,527.2
29141,464.7,484.3
29143,483.6,478.6
29145,434.9,416.5
29147,406.3,423.6
29149,546.3,542.1
29151,496.1,492.8
29153,459.4,471.9
29155,420.4,419.5
29157,467.5,482.2
29159,474.2,479.7
29161,457.1,475.2
29163,477.1,526.9
29165,394.3,391.4
29167,436.1,463.2
29169,476.2,472.5
29171,443.5,450.5
29173,419.4,370.4
29175,490.6,514.1
29177,428.1,427.3
29179,459.9,495.4
29181,561.3,585.5
29183,451.6,457.3
29185,444.8,476.2
29186,466.8,479.1
29187,523.5,535.2
29189,458.4,474.0
29195,451.8,479.4
29197,398.8,374.0
29199,293.6,323.8
29201,506.9,515.5
29203,462.8,491.9
29205,466.0,518.5
29207,510.7,516.2
29209,434.8,455.8
29211,382.5,377.8
29213,444.5,466.7
29215,413.5,416.8
29217,391.2,396.6
29219,465.3,473.7
29221,477.0,499.9
29223,500.0,540.0
29225,440.1,447.0
29227,506.5,583.1
29229,453.9,459.6
29510,430.4,424.0
30001,370.3,395.3
30003,456.7,420.7
30005,352.7,334.3
30007,505.0,445.6
30009,435.0,419.1
30011,446.3,442.0
30013,419.6,429.8
30015,356.0,359.5
30017,458.2,452.6
30019,287.7,278.8
30021,425.2,431.9
30023,417.3,392.0
30025,490.7,415.9
30027,410.7,372.7
30029,486.3,484.3
30031,431.4,431.9
30033,299.3,246.7
30035,475.5,473.8
30037,571.9,503.4
30039,390.3,369.5
30041,461.3,455.4
30043,537.7,504.8
30045,377.7,407.7
30047,470.2,466.8
30049,476.4,467.6
30051,512.4,489.3
30053,468.1,470.5
30055,474.8,480.5
30057,417.9,427.1
30059,424.6,405.3
30061,395.6,420.5
30063,436.4,444.1
30065,538.0,539.8
30067,386.2,435.4
30069,503.7,529.5
30071,487.0,466.9
30073,445.9,455.7
30075,369.0,376.8
30077,511.2,547.1
30079,563.0,476.0
30081,430.0,429.9
30083,354.9,396.1
30085,494.1,474.7
30087,602.9,543.0
30089,442.5,439.3
30091,407.1,398.8
30093,479.9,480.1
30095,507.4,503.1
30097,435.9,437.8
30099,455.6,449.6
30101,387.8,385.5
30103,508.3,488.6
30105,463.4,435.2
30107,626.0,564.8
30109,403.7,454.8
30111,504.6,490.2
31001,466.4,462.7
31003,505.1,515.1
31009,556.6,560.2
31011,532.1,463.6
31013,429.4,399.4
31015,432.4,389.9
31017,421.7,436.3
31019,452.4,458.5
31021,487.3,503.5
31023,439.8,407.7
31025,496.5,480.9
31027,485.5,469.9
31029,415.5,440.8
31031,410.1,399.5
31033,351.2,360.8
31035,518.1,532.7
31037,408.2,472.8
31039,448.3,436.6
31041,454.2,467.6
31043,390.8,393.9
31045,316.2,327.5
31047,393.8,403.2
31049,381.4,336.5
31051,462.4,436.1
31053,485.3,461.3
31055,485.5,490.5
31057,413.9,342.4
31059,434.9,402.1
31061,532.9,520.0
31063,418.2,471.0
31065,483.7,507.0
31067,466.1,438.7
31069,418.5,417.9
31071,542.7,524.3
31073,355.9,394.1
31075,425.2,443.4
31077,653.1,565.8
31079,431.8,430.5
31081,480.1,432.2
31083,460.6,482.6
31085,400.4,319.2
31087,593.2,589.8
31089,441.9,422.0
31091,273.1,317.6
31093,452.7,452.8
31095,488.3,501.4
31097,419.2,414.8
31099,425.3,458.4
31101,433.4,423.4
31103,401.9,334.6
31105,330.2,318.4
31107,422.7,378.8
31109,420.7,408.5
31111,491.5,498.4
31113,609.3,469.9
31119,461.1,423.1
31121,469.8,434.8
31123,373.9,430.9
31125,511.5,554.2
31127,482.6,444.2
31129,459.5,508.5
31131,471.8,438.6
31133,387.4,341.7
31135,443.5,446.7
31137,413.0,385.0
31139,424.1,452.1
31141,463.3,429.9
31143,454.0,426.4
31145,444.1,426.6
31147,470.5,432.1
31149,415.4,469.0
31151,478.8,429.4
31153,486.0,485.6
31155,455.8,437.1
31157,437.9,421.1
31159,376.2,361.7
31161,368.6,336.9
31163,403.4,364.3
31165,228.6,208.8
31167,288.3,287.0
31169,525.7,455.1
31173,525.7,497.3
31175,500.7,502.1
31177,466.0,491.6
31179,392.5,368.1
31181,488.5,490.2
31183,325.8,256.8
31185,461.2,432.1
32001,439.7,427.1
32003,372.0,368.9
32005,432.7,427.5
32007,332.4,332.6
32009,511.1,558.3
32011,368.7,366.5
32013,346.6,359.6
32015,294.9,360.8
32017,334.5,343.3
32019,462.0,467.1
32021,437.5,420.7
32023,382.8,382.1
32027,304.7,288.7
32029,374.1,387.8
32031,425.1,436.9
32033,279.6,239.9
32510,453.0,458.2
33001,481.9,476.4
33003,458.7,468.5
33005,476.2,483.5
33007,481.5,482.8
33009,447.3,454.8
33011,456.3,459.9
33013,492.1,491.7
33015,475.6,473.2
33017,502.4,493.7
33019,496.6,489.4
34001,486.5,487.6
34003,464.9,465.7
34005,508.7,507.6
34007,514.3,516.0
34009,547.2,538.2
34011,491.1,499.5
34013,439.0,440.5
34015,530.6,528.8
34017,378.8,376.2
34019,477.4,487.8
34021,474.5,486.6
34023,443.8,447.2
34025,520.0,527.1
34027,469.0,478.8
34029,524.3,531.3
34031,447.1,452.8
34033,496.0,488.5
34035,450.3,456.2
34037,506.2,515.5
34039,448.0,451.6
34041,501.1,500.8
35001,385.2,391.5
35003,322.9,346.5
35005,341.3,342.8
35006,357.6,354.1
35007,295.5,300.5
35009,365.9,385.9
35011,415.5,334.4
35013,413.4,401.5
35015,360.1,369.3
35017,318.8,325.1
35019,341.0,327.1
35021,485.4,439.2
35023,321.8,352.7
35025,355.7,344.4
35027,326.1,346.2
35028,379.1,362.0
35029,367.4,357.7
35031,305.9,311.7
35033,311.4,317.8
35035,400.5,389.7
35037,363.9,365.8
35039,302.9,303.6
35041,319.5,329.8
35043,406.3,414.9
35045,323.8,324.4
35047,318.1,310.3
35049,355.6,368.3
35051,397.9,416.7
35053,370.5,379.4
35055,318.2,308.1
35057,434.5,422.3
35059,351.9,356.7
35061,395.0,384.7
36001,508.4,513.7
36003,475.6,474.1
36005,416.3,415.4
36007,490.4,497.0
36009,495.2,502.3
36011,507.1,510.1
36013,515.2,519.5
36015,510.9,508.0
36017,496.9,500.3
36019,498.2,483.0
36021,495.7,501.2
36023,541.0,537.6
36025,468.7,475.7
36027,462.0,469.8
36029,516.8,521.0
36031,411.2,401.3
36033,485.3,476.4
36035,524.4,530.1
36037,508.8,508.7
36039,508.3,512.3
36041,474.2,475.0
36043,497.5,503.6
36045,534.9,540.7
36047,413.6,413.7
36049,495.9,500.3
36051,500.9,516.3
36053,488.2,483.2
36055,509.6,512.1
36057,525.0,526.4
36059,492.3,499.8
36061,427.3,427.1
36063,549.0,550.9
36065,493.9,496.4
36067,500.2,503.5
36069,518.5,517.5
36071,471.3,470.4
36073,547.5,551.2
36075,545.7,544.4
36077,496.2,493.9
36079,488.2,493.6
36081,399.2,399.8
36083,504.3,506.4
36085,508.6,509.7
36087,459.8,465.3
36089,465.8,463.0
36091,501.4,508.3
36093,493.1,496.5
36095,484.7,492.6
36097,534.6,543.4
36099,517.0,529.7
36101,490.2,491.1
36103,514.9,516.6
36105,440.3,447.9
36107,498.9,494.5
36109,446.7,462.7
36111,454.8,456.6
36113,518.3,516.4
36115,487.9,486.4
36117,515.6,519.0
36119,456.3,458.4
36121,523.2,521.1
36123,514.6,525.0
37001,504.7,504.8
37003,474.6,457.2
37005,364.5,372.8
37007,554.9,550.6
37009,423.6,445.6
37011,445.6,437.7
37013,463.7,481.9
37015,460.7,468.4
37017,459.7,472.6
37019,493.0,497.9
37021,457.3,464.7
37023,480.0,491.3
37025,476.3,473.6
37027,497.2,522.4
37029,359.6,362.9
37031,479.6,469.4
37033,487.6,488.1
37035,451.9,457.3
37037,470.8,464.7
37039,467.0,465.6
37041,427.7,475.2
37043,445.7,442.7
37045,511.2,515.2
37047,487.0,483.3
37049,501.5,489.8
37051,474.8,478.1
37053,318.7,303.4
37055,426.6,434.0
37057,495.6,494.0
37059,492.4,501.4
37061,482.2,490.1
37063,458.3,453.4
37065,499.0,483.4
37067,469.3,478.3
37069,481.7,491.1
37071,502.9,510.0
37073,293.7,279.2
37075,422.7,430.4
37077,519.0,532.2
37079,472.5,468.3
37081,480.5,485.4
37083,500.2,485.4
37085,487.9,476.6
37087,509.2,504.6
37089,466.7,481.2
37091,441.0,462.2
37093,488.4,484.1
37095,441.4,466.5
37097,482.7,484.5
37099,431.4,440.7
37101,489.6,500.9
37103,522.3,502.4
37105,462.7,461.9
37107,506.1,507.3
37109,500.0,497.1
37111,537.2,545.6
37113,440.0,465.6
37115,474.4,480.4
37117,494.0,518.6
37119,462.4,464.4
37121,478.8,502.3
37123,454.1,460.8
37125,499.4,503.5
37127,429.6,434.1
37129,484.4,487.1
37131,476.2,466.5
37133,536.5,537.6
37135,459.2,461.5
37137,495.3,491.4
37139,402.6,382.8
37141,493.2,517.7
37143,427.1,409.8
37145,510.5,505.2
37147,455.6,469.2
37149,464.6,444.4
37151,493.5,494.1
37153,518.5,551.0
37155,496.2,492.5
37157,488.9,493.4
37159,485.1,484.8
37161,506.2,511.7
37163,512.7,517.7
37165,484.6,506.5
37167,519.7,516.4
37169,480.2,481.7
37171,500.6,497.4
37173,534.3,546.9
37175,428.2,426.7
37177,514.1,536.0
37179,487.9,492.8
37181,486.0,508.8
37183,457.5,463.0
37185,476.3,451.7
37187,484.0,496.7
37189,428.8,437.7
37191,522.2,521.8
37193,441.6,447.5
37195,456.4,458.1
37197,459.8,479.1
37199,487.7,490.0
38001,293.6,329.7
38003,446.9,441.3
38005,495.9,501.9
38009,504.5,466.8
38011,432.4,395.6
38013,386.2,390.3
38015,463.6,470.4
38017,489.7,505.8
38019,399.4,406.7
38021,349.6,301.2
38023,358.1,331.4
38025,320.8,353.7
38027,477.5,542.5
38029,443.4,381.9
38031,490.8,479.7
38033,379.6,387.9
38035,457.6,456.7
38037,400.4,363.1
38039,425.2,440.2
38041,453.5,490.4
38043,378.1,371.7
38045,390.6,394.0
38047,291.9,294.4
38049,514.7,502.3
38051,391.8,351.5
38053,339.8,345.6
38055,527.4,487.2
38057,526.4,500.1
38059,484.9,488.6
38061,503.1,442.7
38063,466.4,516.2
38065,219.0,245.1
38067,469.9,496.5
38069,369.1,408.6
38071,474.6,468.0
38073,375.6,402.9
38075,447.5,392.3
38077,465.1,471.4
38079,580.9,575.6
38081,504.9,474.9
38083,477.4,419.3
38085,424.2,361.4
38089,432.9,424.6
38091,347.1,410.2
38093,357.4,366.7
38095,381.6,377.9
38097,434.5,458.6
38099,441.2,449.0
38101,460.7,433.1
38103,411.5,396.1
38105,356.8,364.1
39001,521.2,510.5
39003,452.6,459.1
39005,474.7,481.1
39007,467.1,467.7
39009,484.1,483.3
39011,444.4,435.7
39013,490.5,493.7
39015,496.9,505.6
39017,462.7,470.0
39019,468.8,478.6
39021,485.5,498.9
39023,492.3,492.2
39025,475.7,480.3
39027,491.8,483.8
39029,469.3,481.1
39031,483.3,483.5
39033,457.9,482.5
39035,476.4,476.8
39037,402.8,405.6
39039,477.2,478.7
39041,452.9,453.6
39043,466.7,462.0
39045,471.0,473.7
39047,506.0,508.6
39049,455.9,457.7
39051,435.7,437.8
39053,522.5,522.9
39055,466.0,473.0
39057,458.0,446.3
39059,505.7,494.9
39061,470.8,475.4
39063,431.2,432.6
39065,492.7,520.2
39067,500.6,496.7
39069,438.5,461.9
39071,500.1,481.1
39073,475.7,473.7
39075,340.0,342.6
39077,480.1,486.0
39079,516.2,502.9
39081,516.3,511.6
39083,493.1,487.2
39085,488.5,488.8
39087,566.0,580.2
39089,496.8,511.9
39091,432.3,444.7
39093,487.6,497.4
39095,477.1,481.5
39097,484.4,494.2
39099,438.8,442.7
39101,495.1,488.8
39103,489.1,493.2
39105,505.4,520.6
39107,436.5,451.1
39109,473.5,469.2
39111,503.9,499.3
39113,487.4,477.9
39115,492.3,497.4
39117,444.6,446.3
39119,509.4,524.5
39121,373.4,375.6
39123,497.9,510.0
39125,430.0,421.3
39127,504.3,505.0
39129,493.7,496.3
39131,553.3,543.5
39133,455.8,460.9
39135,495.8,477.4
39137,443.0,453.3
39139,484.5,497.2
39141,521.9,522.9
39143,471.1,470.5
39145,484.1,483.5
39147,491.3,493.6
39149,439.0,458.2
39151,454.5,456.3
39153,461.9,473.6
39155,424.9,421.0
39157,458.8,459.4
39159,464.4,471.3
39161,431.8,426.3
39163,497.0,496.7
39165,466.9,472.1
39167,544.3,556.6
39169,434.7,446.6
39171,417.4,420.5
39173,468.1,463.4
39175,425.9,432.9
40001,446.3,415.5
40003,480.5,432.5
40005,425.4,425.7
40007,379.6,376.6
40009,434.1,434.4
40011,465.1,469.9
40013,435.6,444.6
40015,488.3,492.0
40017,429.1,433.5
40019,435.6,438.3
40021,493.2,477.3
40023,485.9,468.5
40025,239.6,288.7
40027,412.5,423.3
40029,434.6,488.8
40031,458.8,461.3
40033,393.2,409.7
40035,474.7,463.2
40037,499.3,492.6
40039,429.8,411.7
40041,414.2,423.2
40043,505.5,478.2
40045,387.1,411.5
40047,433.1,450.5
40049,473.0,492.5
40051,446.6,449.6
40053,478.1,462.1
40055,415.1,395.8
40057,387.7,332.6
40059,474.1,472.0
40061,466.0,455.0
40063,435.6,440.8
40065,405.3,414.7
40067,482.7,509.0
40069,522.7,479.4
40071,489.7,477.5
40073,458.0,464.8
40075,487.0,497.8
40077,518.5,521.2
40079,445.9,439.6
40081,467.4,476.5
40083,422.7,429.9
40085,377.9,372.1
40087,468.8,477.8
40089,513.5,498.8
40091,452.3,470.2
40093,384.1,382.7
40095,440.4,464.1
40097,519.6,529.8
40099,373.2,395.3
40101,488.2,495.7
40103,457.2,465.9
40105,512.3,495.5
40107,500.9,531.0
40109,432.0,444.9
40111,520.3,538.3
40113,431.8,452.3
40115,492.6,526.4
40117,534.7,518.0
40119,466.4,487.6
40121,461.6,460.7
40123,453.1,459.3
40125,479.0,493.3
40127,461.5,467.0
40129,468.6,469.7
40131,456.4,458.2
40133,449.1,469.3
40135,518.9,496.7
40137,468.7,474.8
40139,376.7,378.4
40141,434.9,392.0
40143,462.2,471.3
40145,427.3,442.2
40147,454.3,453.6
40149,447.6,467.5
40151,465.9,492.0
40153,364.6,388.1
41001,298.0,302.4
41003,336.5,333.0
41005,439.4,441.5
41007,480.0,483.6
41009,464.7,468.2
41011,418.3,419.5
41013,462.1,464.8
41015,389.4,387.1
41017,414.5,420.7
41019,398.2,392.1
41021,226.4,216.6
41023,362.1,338.0
41025,339.2,346.7
41027,427.3,405.7
41029,433.8,439.0
41031,399.0,408.4
41033,459.6,476.2
41035,440.5,443.5
41037,421.7,396.1
41039,322.6,302.7
41041,387.6,398.2
41043,412.5,415.5
41045,350.4,325.7
41047,444.6,453.4
41049,394.3,403.1
41051,457.4,459.7
41053,422.3,431.1
41055,323.2,292.6
41057,395.3,419.6
41059,384.3,395.8
41061,400.1,367.0
41063,385.9,387.6
41065,425.7,402.0
41067,416.0,421.3
41069,433.6,408.5
41071,434.4,426.1
42001,444.9,438.9
42003,464.7,464.9
42005,472.8,471.5
42007,474.4,481.1
42009,456.3,450.6
42011,475.7,471.4
42013,489.2,478.6
42015,474.6,468.6
42017,464.9,462.8
42019,424.7,402.3
42021,475.3,482.8
42023,510.6,557.8
42025,490.7,500.6
42027,417.2,423.7
42029,427.2,422.8
42031,420.2,413.6
42033,429.4,481.0
42035,485.2,479.1
42037,510.2,500.1
42039,459.8,468.3
42041,430.0,433.7
42043,449.0,459.3
42045,445.1,426.6
42047,456.4,519.3
42049,482.1,482.5
42051,453.7,465.7
42053,437.7,429.0
42055,402.7,394.9
42057,390.3,397.3
42059,501.4,504.5
42061,436.8,449.6
42063,431.3,428.7
42065,451.8,488.7
42067,474.4,472.3
42069,482.2,484.9
42071,446.0,443.7
42073,461.6,453.1
42075,437.2,436.9
42077,499.9,498.6
42079,505.4,507.5
42081,487.5,500.0
42083,415.2,395.8
42085,459.2,458.3
42087,477.5,489.7
42089,502.1,500.6
42091,441.6,434.8
42093,548.0,557.0
42095,505.3,505.9
42097,497.6,501.5
42099,482.5,476.5
42101,448.7,435.3
42103,446.0,432.3
42105,453.7,453.1
42107,533.4,535.5
42109,466.0,480.9
42111,476.0,467.3
42113,479.5,510.6
42115,452.9,453.6
42117,444.7,436.7
42119,471.4,474.2
42121,474.0,482.5
42123,467.2,448.7
42125,496.3,492.8
42127,410.3,419.8
42129,412.9,405.2
42131,502.5,529.9
42133,464.4,459.2
44001,448.2,446.6
44003,487.2,491.6
44005,419.7,409.3
44007,439.5,436.8
44009,485.1,493.7
45001,423.0,424.2
45003,387.6,390.5
45005,425.6,427.1
45007,445.1,448.3
45009,431.6,423.6
45011,397.0,376.4
45013,372.1,390.3
45015,420.8,425.4
45017,397.6,349.3
45019,439.1,453.0
45021,477.4,462.2
45023,461.2,492.6
45025,431.3,414.7
45027,450.3,451.1
45029,488.1,494.2
45031,431.1,433.3
45033,493.8,484.8
45035,450.3,466.5
45037,350.7,345.0
45039,410.3,416.9
45041,448.1,459.9
45043,469.5,460.8
45045,467.3,472.4
45047,468.6,489.5
45049,418.6,457.1
45051,425.1,429.7
45053,344.4,343.4
45055,434.9,439.1
45057,407.0,391.7
45059,448.2,439.0
45061,411.4,377.5
45063,434.1,441.5
45065,446.1,444.8
45067,451.4,455.2
45069,440.6,443.7
45071,426.8,427.4
45073,454.8,464.1
45075,452.5,472.1
45077,458.6,464.0
45079,408.1,397.4
45081,373.9,342.1
45083,448.2,462.4
45085,428.1,434.5
45087,471.9,482.2
45089,423.1,412.3
45091,453.9,445.1
46003,592.3,567.8
46005,431.7,464.8
46007,397.0,436.8
46009,419.1,398.4
46011,442.5,439.4
46013,475.8,481.5
46015,442.3,422.6
46017,546.1,548.2
46019,424.8,418.1
46021,274.1,299.5
46023,490.5,489.5
46025,507.6,448.0
46027,538.2,518.3
46029,478.9,489.1
46031,289.4,278.6
46033,382.6,378.5
46035,467.5,453.8
46037,475.7,460.2
46039,424.6,432.4
46041,634.5,649.8
46043,495.7,415.8
46045,427.3,396.0
46047,416.0,455.4
46049,625.3,604.7
46051,430.0,458.2
46053,507.9,473.6
46055,526.9,524.8
46057,484.8,450.5
46059,464.5,472.0
46061,390.8,390.3
46063,291.8,335.3
46065,483.9,470.1
46067,491.5,456.8
46069,457.1,394.1
46071,556.9,516.1
46073,527.2,541.5
46075,518.3,587.5
46077,550.1,563.9
46079,456.4,449.5
46081,380.0,371.2
46083,455.0,462.7
46085,424.6,493.3
46087,578.8,580.3
46089,469.5,404.5
46091,340.6,400.5
46093,384.3,405.4
46095,431.7,502.7
46097,462.0,464.7
46099,533.7,546.9
46101,438.9,465.9
46102,451.4,463.1
46103,432.1,435.4
46105,312.1,345.6
46107,450.6,462.7
46109,359.5,347.5
46111,541.3,583.5
46115,430.2,425.0
46117,452.2,474.8
46119,391.6,443.1
46121,516.4,476.6
46123,398.7,391.2
46125,438.9,453.4
46127,485.2,502.3
46129,418.3,383.9
46135,438.7,474.1
46137,324.8,328.9
47001,465.3,463.1
47003,457.5,457.4
47005,509.3,501.4
47007,449.8,436.6
47009,479.3,471.9
47011,437.9,420.9
47013,506.2,490.9
47015,479.8,487.4
47017,498.4,497.8
47019,413.5,423.6
47021,499.4,502.2
47023,497.9,471.6
47025,470.3,468.4
47027,464.5,456.6
47029,473.0,479.3
47031,471.1,457.9
47033,471.6,495.0
47035,465.3,467.8
47037,426.7,432.6
47039,480.3,519.2
47041,457.2,447.0
47043,520.4,523.7
47045,468.9,477.5
47047,456.6,456.9
47049,477.7,457.0
47051,451.7,452.7
47053,474.6,488.7
47055,437.7,421.7
47057,459.9,468.2
47059,485.0,471.0
47061,494.6,467.1
47063,462.3,463.4
47065,460.6,459.9
47067,506.5,528.8
47069,486.1,483.0
47071,414.4,450.6
47073,488.9,472.0
47075,508.6,501.8
47077,461.2,484.0
47079,486.5,492.8
47081,505.3,480.9
47083,506.1,471.8
47085,529.8,526.0
47087,433.8,402.9
47089,474.7,466.5
47091,402.9,403.7
47093,453.2,453.9
47095,427.5,406.2
47097,461.7,467.3
47099,476.6,453.8
47101,499.4,473.1
47103,345.4,345.9
47105,465.7,463.3
47107,478.3,466.1
47109,448.3,484.8
47111,507.4,549.1
47113,436.2,443.1
47115,512.5,519.1
47117,535.6,558.8
47119,483.7,474.1
47121,474.5,489.5
47123,489.2,476.5
47125,449.5,439.4
47127,400.0,394.5
47129,441.9,433.7
47131,456.9,433.9
47133,444.7,426.1
47135,444.5,436.3
47137,398.1,410.0
47139,448.3,445.5
47141,449.0,447.5
47143,509.3,497.3
47145,460.7,465.1
47147,467.1,469.5
47149,450.0,449.9
47151,465.0,456.8
47153,446.8,464.3
47155,501.8,497.7
47157,438.2,444.8
47159,510.0,503.7
47161,481.9,450.0
47163,477.6,469.5
47165,468.1,470.7
47167,503.5,503.7
47169,588.7,568.5
47171,442.1,428.1
47173,472.6,496.7
47175,424.7,455.1
47177,481.2,482.0
47179,449.1,447.2
47181,468.3,469.1
47183,477.9,462.7
47185,476.5,467.3
47187,438.0,444.9
47189,452.2,455.9
48001,432.2,436.6
48003,384.2,436.2
48005,456.9,457.6
48007,482.8,499.9
48009,441.6,453.3
48011,541.7,595.2
48013,419.6,422.7
48015,401.8,396.2
48017,346.2,371.2
48019,430.3,432.3
48021,433.9,436.8
48023,529.8,562.9
48025,441.3,451.8
48027,483.0,483.9
48029,408.2,418.2
48031,438.2,434.0
48033,467.6,507.5
48035,468.6,481.7
48037,444.5,459.1
48039,444.6,451.1
48041,406.8,414.9
48043,292.7,298.8
48045,452.7,548.9
48047,396.5,425.1
48049,444.7,443.6
48051,474.8,505.1
48053,445.8,450.3
48055,404.9,412.3
48057,431.2,444.5
48059,430.6,468.6
48061,364.6,378.6
48063,568.8,562.2
48065,418.9,428.3
48067,485.8,498.7
48069,338.6,373.3
48071,502.9,501.0
48073,507.0,513.8
48075,406.4,401.3
48077,470.3,511.3
48079,416.0,496.0
48081,487.6,533.5
48083,456.5,455.4
48085,408.2,415.5
48087,299.7,358.4
48089,437.6,449.7
48091,409.2,422.0
48093,403.1,429.0
48095,272.6,319.3
48097,486.1,487.8
48099,449.2,455.2
48101,423.5,367.9
48103,369.9,358.5
48105,505.3,514.6
48107,413.3,412.8
48109,332.0,364.6
48111,415.0,395.1
48113,429.5,433.8
48115,476.0,457.2
48117,384.3,395.9
48119,542.5,509.2
48121,421.8,427.3
48123,440.6,448.0
48125,496.5,464.8
48127,424.9,481.4
48129,385.0,427.5
48131,427.8,429.4
48133,440.9,471.1
48135,456.8,457.2
48137,545.6,590.7
48139,451.1,462.7
48141,387.5,389.6
48143,392.2,394.6
48145,436.6,419.8
48147,498.1,503.9
48149,412.6,413.9
48151,513.5,512.7
48153,397.8,409.1
48155,521.5,403.1
48157,394.6,397.2
48159,501.4,482.3
48161,449.7,467.1
48163,382.3,400.4
48165,334.0,349.5
48167,454.5,472.0
48169,369.5,406.6
48171,462.5,461.1
48173,417.0,385.7
48175,428.7,403.5
48177,455.3,465.0
48179,427.3,452.7
48181,461.9,471.8
48183,498.3,499.2
48185,453.3,466.1
48187,407.7,424.0
48189,381.3,380.8
48191,399.3,424.1
48193,448.4,444.1
48195,428.9,397.5
48197,450.4,459.6
48199,462.4,470.0
48201,404.0,409.3
48203,458.7,462.2
48205,376.7,345.0
48207,463.5,504.3
48209,437.0,439.3
48211,377.4,394.3
48213,510.4,519.4
48215,361.7,370.6
48217,498.3,503.6
48219,437.1,441.5
48221,474.3,469.9
48223,480.2,470.6
48225,420.4,431.0
48227,432.1,437.4
48229,585.8,618.8
48231,454.4,472.2
48233,463.2,472.8
48235,409.2,396.7
48237,372.4,384.6
48239,412.9,428.8
48241,526.6,526.1
48243,208.0,253.3
48245,420.6,435.5
48247,370.6,392.1
48249,438.9,439.3
48251,478.6,496.4
48253,424.4,433.9
48255,425.2,405.8
48257,463.5,471.5
48259,440.7,433.9
48263,342.9,333.7
48265,447.1,437.9
48267,456.4,443.4
48271,400.0,360.9
48273,421.9,403.3
48275,497.2,506.0
48277,482.9,486.7
48279,387.6,391.2
48281,493.3,487.6
48283,406.3,394.0
48285,447.2,455.6
48287,432.2,418.2
48289,468.7,495.0
48291,472.4,493.5
48293,459.1,466.8
48295,370.9,399.5
48297,401.8,417.1
48299,416.9,424.2
48303,442.0,445.8
48305,468.2,464.9
48307,522.8,513.5
48309,454.5,461.4
48311,484.2,563.1
48313,417.2,429.6
48315,503.1,504.9
48317,536.7,505.1
48319,396.4,450.0
48321,475.4,465.3
48323,411.5,409.9
48325,408.2,410.8
48327,357.7,358.9
48329,394.6,402.2
48331,463.1,470.7
48333,401.7,416.0
48335,432.6,456.4
48337,488.8,508.5
48339,420.9,432.8
48341,386.1,386.5
48343,527.1,510.9
48345,391.4,495.7
48347,393.1,409.7
48349,443.4,443.3
48351,462.8,508.7
48353,465.3,440.1
48355,383.6,379.7
48357,334.3,359.1
48359,442.1,491.7
48361,465.8,480.6
48363,503.2,511.5
48365,498.5,495.7
48367,498.2,505.3
48369,325.3,331.8
48371,360.2,357.4
48373,679.5,683.8
48375,469.3,470.0
48377,293.0,294.6
48379,476.7,509.5
48381,443.4,455.9
48383,464.5,467.8
48385,495.1,495.3
48387,473.7,461.1
48389,374.4,411.2
48391,409.0,415.0
48393,370.7,361.4
48395,429.9,452.6
48397,429.7,438.5
48399,490.0,516.3
48401,456.4,469.3
48403,473.5,461.3
48405,432.2,427.1
48407,474.4,497.4
48409,444.1,446.8
48411,379.5,408.4
48413,457.8,482.4
48415,403.7,424.4
48417,400.1,447.0
48419,415.1,419.0
48421,292.9,336.5
48423,469.3,477.0
48425,458.9,451.6
48427,389.4,401.8
48429,423.5,430.6
48431,511.7,455.4
48433,621.1,585.8
48435,482.6,513.6
48437,477.4,484.8
48439,438.2,442.8
48441,452.7,460.8
48443,369.2,313.9
48445,390.6,386.5
48447,272.4,251.8
48449,448.2,462.3
48451,459.6,468.7
48453,419.0,422.8
48455,469.2,471.0
48457,464.7,494.6
48459,491.1,507.7
48461,404.2,410.3
48463,473.7,485.7
48465,430.3,420.1
48467,463.3,468.5
48469,456.7,466.3
48471,529.7,500.7
48473,465.6,465.8
48475,395.8,391.3
48477,420.1,441.6
48479,354.7,361.8
48481,422.9,428.5
48483,447.6,458.2
48485,494.9,503.7
48487,415.7,422.6
48489,334.0,362.1
48491,445.1,439.0
48493,421.2,436.4
48495,357.0,354.0
48497,484.7,481.0
48499,480.5,509.3
48501,451.5,482.0
48503,468.2,497.2
48505,365.7,385.9
48507,463.9,491.8
49001,451.2,410.5
49003,406.4,403.4
49005,431.1,438.9
49007,449.4,436.5
49009,456.7,459.2
49011,428.0,439.5
49013,475.0,457.8
49015,368.5,377.8
49017,386.6,387.3
49019,377.3,421.2
49021,419.2,417.9
49023,446.8,451.0
49025,471.0,509.2
49027,392.9,408.5
49029,412.3,439.1
49031,348.8,343.3
49033,350.7,342.5
49035,405.3,415.6
49037,345.0,351.7
49039,386.2,400.4
49041,407.3,391.1
49043,466.8,455.7
49045,441.4,443.4
49047,369.2,373.7
49049,393.0,401.7
49051,407.2,417.9
49053,433.9,446.8
49055,412.6,445.5
49057,421.7,442.6
50001,423.2,430.0
50003,445.9,446.7
50005,453.6,469.1
50007,448.8,456.2
50009,425.9,434.8
50011,445.4,438.4
50013,542.6,529.0
50015,435.7,450.8
50017,433.2,446.7
50019,457.0,457.1
50021,469.6,472.4
50023,448.0,446.1
50025,438.9,456.4
50027,442.3,445.8
51001,383.2,387.2
51003,389.2,401.6
51005,444.0,448.8
51007,541.1,535.0
51009,446.5,450.0
51011,377.2,380.0
51013,318.7,331.2
51015,452.7,453.4
51017,515.5,479.8
51021,438.0,445.8
51023,451.4,444.5
51025,512.6,491.7
51027,305.5,296.8
51029,441.9,437.6
51031,425.7,429.9
51033,465.8,488.2
51035,412.0,409.1
51036,484.5,470.8
51037,454.6,455.2
51041,443.2,458.4
51043,350.0,364.3
51045,461.6,443.9
51047,460.3,457.5
51049,425.5,436.5
51051,367.3,332.3
51053,489.4,527.1
51057,565.6,550.9
51059,337.1,344.5
51061,375.0,388.1
51063,446.1,455.7
51065,447.8,444.4
51067,451.3,444.2
51069,396.2,392.8
51071,500.1,482.1
51073,453.1,489.6
51075,505.7,474.8
51077,437.9,436.9
51079,419.0,420.1
51081,489.7,467.7
51083,417.1,411.3
51085,432.9,444.8
51087,454.2,451.0
51089,407.8,413.9
51091,408.8,393.6
51093,453.7,447.9
51095,413.7,430.0
51097,464.1,525.6
51099,471.5,485.9
51101,450.7,513.1
51103,537.4,558.5
51105,311.7,317.3
51107,368.6,369.0
51109,447.8,469.4
51111,483.6,495.9
51113,402.3,426.0
51115,560.8,525.7
51117,486.8,487.4
51119,448.3,453.7
51121,383.0,375.4
51125,412.7,428.8
51127,504.8,530.0
51131,506.0,524.3
51133,404.4,446.3
51135,541.2,516.2
51137,481.7,510.7
51139,428.9,413.4
51141,403.3,388.8
51143,373.4,366.4
51145,437.6,463.9
51147,474.5,481.5
51149,479.1,480.9
51153,350.2,360.5
51155,410.9,408.7
51157,471.8,385.4
51159,442.1,452.6
51161,440.5,429.6
51163,429.9,430.0
51165,402.8,413.4
51167,329.9,343.5
51169,262.9,250.8
51171,414.9,408.2
51173,373.4,346.2
51175,463.5,446.9
51177,460.0,459.0
51179,422.4,420.9
51181,439.4,438.8
51183,525.4,537.9
51185,344.2,323.5
51187,406.7,421.6
51191,311.0,311.3
51193,446.0,451.9
51195,356.2,357.0
51197,468.0,480.8
51199,410.5,425.3
51510,337.7,357.0
51520,274.7,248.3
51530,526.0,554.1
51540,387.8,376.4
51550,448.3,447.6
51570,496.3,515.5
51580,549.7,564.5
51590,488.6,479.6
51595,485.1,475.1
51600,395.6,408.6
51610,363.7,334.1
51620,477.9,493.5
51630,526.5,475.3
51640,655.0,605.2
51650,408.8,424.6
51660,378.1,368.7
51670,550.2,541.0
51678,535.7,504.0
51680,436.5,430.7
51683,356.3,364.9
51685,349.5,357.4
51690,534.3,541.6
51700,420.9,436.2
51710,455.0,454.4
51720,391.8,410.0
51730,544.3,520.7
51735,433.6,452.9
51740,449.3,448.3
51750,431.9,445.2
51760,448.0,458.2
51770,468.8,484.2
51775,473.1,474.0
51790,487.8,475.7
51800,464.4,467.0
51810,446.8,443.5
51820,504.2,509.3
51830,504.8,395.6
51840,427.3,400.4
51917,425.5,427.0
53001,359.4,344.0
53003,324.0,318.9
53005,412.0,405.4
53007,465.3,470.6
53009,501.1,500.8
53011,378.5,382.3
53013,388.8,358.3
53015,389.4,387.1
53017,468.1,454.5
53019,298.0,292.1
53021,399.4,390.3
53023,349.0,349.0
53025,412.8,404.6
53027,489.7,493.1
53029,472.6,488.7
53031,474.1,465.0
53033,441.4,442.3
53035,486.3,487.0
53037,390.7,385.3
53039,387.0,357.3
53041,394.6,406.4
53043,354.1,349.1
53045,492.0,491.3
53047,468.3,461.7
53049,397.7,398.5
53051,350.5,342.2
53053,482.1,488.3
53055,444.6,459.5
53057,489.2,478.8
53059,340.5,340.9
53061,480.8,479.1
53063,372.0,363.9
53065,343.7,328.9
53067,480.4,487.1
53069,400.1,391.8
53071,388.2,372.1
53073,475.8,475.0
53075,262.9,249.5
53077,414.8,414.6
54001,513.1,543.2
54003,468.7,481.6
54005,522.3,517.1
54007,500.7,498.8
54009,455.3,471.0
54011,505.6,512.2
54013,443.6,472.2
54015,551.1,574.0
54017,438.8,442.6
54019,512.9,530.2
54021,481.1,490.2
54023,434.1,442.8
54025,480.6,488.4
54027,424.6,435.5
54029,479.3,494.9
54031,356.2,365.6
54033,532.4,530.7
54035,498.9,497.2
54037,453.7,464.8
54039,503.4,506.6
54041,558.0,566.3
54043,553.0,582.4
54045,576.7,581.5
54047,446.4,461.9
54049,504.0,519.8
54051,484.8,500.0
54053,527.7,531.0
54055,456.8,462.3
54057,467.8,471.9
54059,526.4,522.6
54061,463.1,467.2
54063,463.3,470.2
54065,481.6,466.6
54067,484.7,486.6
54069,492.6,491.2
54071,348.4,355.5
54073,577.4,582.9
54075,471.0,497.5
54077,474.1,484.1
54079,502.2,502.6
54081,485.5,506.7
54083,518.0,545.2
54085,488.0,536.1
54087,522.8,538.2
54089,445.5,464.4
54091,516.5,529.6
54093,500.1,523.3
54095,493.3,488.5
54097,497.4,493.9
54099,533.2,532.2
54101,506.6,487.5
54103,534.6,521.7
54105,479.2,508.2
54107,480.6,501.4
54109,485.7,493.8
55001,490.8,494.3
55003,455.8,465.8
55005,447.6,446.3
55007,414.7,433.7
55009,473.7,474.8
55011,407.3,417.7
55013,433.5,421.3
55015,417.1,440.5
55017,434.8,436.0
55019,469.9,463.7
55021,447.2,454.6
55023,492.1,479.3
55025,445.3,453.9
55027,432.2,448.5
55029,448.2,445.0
55031,453.1,471.4
55033,383.1,383.8
55035,400.4,405.5
55037,442.5,411.9
55039,465.3,473.4
55041,443.2,472.4
55043,449.1,453.8
55045,429.9,444.3
55047,502.7,512.7
55049,415.2,434.5
55051,458.6,491.6
55053,469.9,469.0
55055,452.3,464.6
55057,490.7,484.9
55059,495.6,507.2
55061,441.6,454.8
55063,447.3,460.4
55065,496.5,498.5
55067,529.2,524.5
55069,482.2,488.4
55071,472.2,475.5
55073,447.0,442.1
55075,502.4,503.7
55077,509.3,516.7
55078,534.6,503.5
55079,497.9,503.0
55081,471.5,469.3
55083,475.0,478.5
55085,488.4,484.1
55087,439.6,445.5
55089,486.1,497.3
55091,371.1,401.4
55093,352.9,352.2
55095,423.3,432.1
55097,443.0,460.6
55099,481.1,441.5
55101,504.4,502.2
55103,399.2,411.0
55105,492.7,502.3
55107,446.6,428.4
55109,398.8,416.6
55111,440.1,462.1
55113,426.8,412.6
55115,447.8,452.8
55117,457.0,462.6
55119,408.7,420.0
55121,453.8,469.1
55123,467.8,488.6
55125,485.3,503.1
55127,501.0,513.8
55129,464.8,458.0
55131,498.4,499.4
55133,494.1,500.2
55135,450.7,461.2
55137,495.6,494.1
55139,460.3,464.9
55141,445.7,450.8
56001,421.9,411.4
56003,403.8,383.2
56005,386.6,412.9
56007,413.9,422.3
56009,407.2,389.5
56011,432.7,394.9
56013,386.7,389.3
56015,340.2,349.6
56017,371.4,359.1
56019,355.0,353.8
56021,449.4,453.5
56023,374.3,373.1
56025,420.4,414.6
56027,271.0,217.9
56029,467.0,457.2
56031,416.2,406.3
56033,402.5,402.5
56035,355.3,379.8
56037,399.1,379.8
56039,409.3,412.3
56041,349.0,344.3
56043,343.4,366.3
56045,424.8,429.1
72001,347.6,344.4
