fips,status
12125,published
17003,published
21189,published
21139,published
21131,published
21191,published
21203,published
21147,published
54043,published
21071,published
47169,published
21237,published
21235,published
21077,published
21023,published
21121,published
29123,published
05075,published
47173,published
21095,published
21001,published
29181,published
27155,published
21051,published
21085,published
21173,published
21075,published
21193,published
17153,published
47067,published
54059,published
21127,published
46041,published
21197,published
29069,published
05127,published
28143,published
29035,published
29133,published
21031,published
29223,published
45033,published
21201,published
05111,published
21153,published
54087,published
29203,published
47039,published
47013,published
21163,published
17125,published
21065,published
29187,published
21041,published
27087,published
21195,published
17061,published
21081,published
17021,published
21043,published
21097,published
21159,published
21079,published
05021,published
29171,published
51530,published
05135,published
21099,published
21025,published
47081,published
26051,published
55078,published
21169,published
05083,published
21149,published
54005,published
29139,published
21003,published
51640,published
21011,published
21013,published
27065,published
39087,published
21039,published
28013,published
38079,published
29221,published
39131,published
54047,published
21207,published
21115,published
21009,published
48373,published
29205,published
21137,published
29055,published
51183,published
21183,published
36075,published
21223,published
18079,published
54045,published
29207,published
47057,published
18165,published
29093,published
19147,published
29023,published
18143,published
26079,published
39163,published
21161,published
17107,published
17183,published
12107,published
39105,published
21027,published
39115,published
12041,published
21057,published
17069,published
13149,published
13055,published
48385,published
17149,published
47111,published
21119,published
45029,published
36073,published
02180,published
21125,published
39141,published
17137,published
17121,published
27167,published
12123,published
38005,published
28117,published
40115,published
47087,published
05109,published
47117,published
54109,published
48407,published
21177,published
47025,published
54041,published
01041,published
47143,published
26035,published
05043,published
47123,published
27069,published
54015,published
05105,published
17025,published
21109,published
29177,published
29127,published
23021,published
40029,published
18007,published
19071,published
39073,published
51007,published
39001,published
12029,published
21055,published
17115,published
29065,published
29143,published
21029,published
40077,published
05079,published
21061,published
05093,published
29175,published
40117,published
05013,published
17135,published
22039,published
29113,published
29195,published
48063,published
21019,published
05019,published
21117,published
37111,published
37133,published
37153,published
18045,published
47033,published
47085,published
28119,published
28093,published
54099,published
54021,published
21199,published
47151,published
47041,published
21135,published
39079,published
17131,published
54053,published
17017,published
55051,published
51053,published
21187,published
17175,published
05121,published
39127,published
05103,published
21133,published
13201,published
29149,published
29041,published
29083,published
17039,published
13229,published
05071,published
45069,published
23025,published
21037,published
40061,published
21179,published
19177,published
54065,published
01027,published
17117,published
13239,published
47159,published
54019,published
13025,published
54033,published
47007,published
39015,published
39071,published
17057,published
54091,published
18065,published
29121,published
40127,published
13213,published
29155,published
21005,published
29185,published
28137,published
13105,published
21035,published
37197,published
18053,published
47177,published
18149,published
13065,published
39027,published
40125,published
40069,published
51147,published
21047,published
21175,published
54035,published
05053,published
13299,published
54073,published
28115,published
26085,published
51103,published
40111,published
29141,published
21155,published
48343,published
19115,published
23019,published
37177,published
45023,published
21171,published
51670,published
21213,published
29017,published
13173,published
21165,published
21217,published
17083,published
37163,published
47073,published
29013,published
05025,published
39065,published
40097,published
18055,published
40089,published
51017,published
48083,published
12007,published
22035,published
36019,published
18109,published
21129,published
13049,published
05059,published
54085,published
47083,published
21103,published
29117,published
21059,published
26143,published
21167,published
40107,published
21141,published
21093,published
05001,published
31087,published
19145,published
37103,published
21087,published
05047,published
19179,published
40095,published
13305,published
17145,published
40059,published
51097,published
47029,published
37155,published
22047,published
21063,published
21049,published
39053,published
28111,published
13295,published
12013,published
51091,published
47045,published
13193,published
40091,published
21045,published
21231,published
21219,published
05107,published
13319,published
21033,published
12075,published
21123,published
26135,published
37165,published
47043,published
21157,published
13195,published
39145,published
48455,published
21205,published
05023,published
29201,published
28043,published
51127,published
37033,published
05055,published
28141,published
47005,published
18035,published
05089,published
29099,published
18117,published
37075,published
47181,published
47115,published
37199,published
13183,published
18119,published
17143,published
54017,published
29021,published
40121,published
40135,published
47017,published
48213,published
47133,published
28129,published
17095,published
05033,published
39059,published
18131,published
17181,published
21017,published
29169,published
18111,published
54049,published
51111,published
36083,published
17051,published
48379,published
29153,published
05147,published
29073,published
40021,published
13233,published
47089,published
36057,published
39101,published
54107,published
05067,published
47131,published
47167,published
28107,published
22117,published
05095,published
17047,published
28139,published
22013,published
17079,published
26007,published
39167,published
21091,published
47071,published
29219,published
47121,published
29111,published
05069,published
18009,published
54011,published
28163,published
21145,published
26069,published
54083,published
29103,published
21053,published
28035,published
19007,published
48147,published
13129,published
28083,published
37169,published
17077,published
29163,published
18125,published
26011,published
29071,published
29049,published
28095,published
47097,published
17179,published
51099,published
46085,published
18115,published
29015,published
47053,published
17199,published
42107,published
42131,published
18139,published
37151,published
13301,published
51149,published
18041,published
36035,published
40105,published
18175,published
13143,published
17091,published
40067,published
22083,published
51580,published
05029,published
28057,published
16079,published
28031,published
22063,published
37107,published
47003,published
05011,published
02185,published
12003,published
51033,published
54095,published
54093,published
17099,published
21069,published
28131,published
51820,published
22041,published
01061,published
17167,published
05137,published
05039,published
51005,published
31173,published
29053,published
28017,published
40101,published
02070,published
36045,published
48387,published
23029,published
28161,published
27107,published
28047,published
51101,published
29159,published
39129,published
17001,published
27115,published
27023,published
48291,published
39023,published
29007,published
36115,published
36097,published
12121,published
17157,published
37157,published
47101,published
17119,published
17169,published
54001,published
27159,published
36011,published
26117,published
13187,published
21083,published
51770,published
17071,published
13103,published
19137,published
18095,published
21151,published
47021,published
22021,published
21107,published
47147,published
12129,published
17055,published
05031,published
47161,published
05049,published
37171,published
39031,published
48007,published
29137,published
47137,published
29157,published
01059,published
28091,published
13109,published
13249,published
28135,published
48119,published
12093,published
18029,published
05117,published
39081,published
47055,published
24039,published
29075,published
47019,published
13015,published
55113,published
13011,published
47077,published
17081,published
40099,published
18167,published
48099,published
12067,published
13079,published
13039,published
17041,published
05085,published
18113,published
21221,published
17185,published
37079,published
54003,published
48217,published
39119,published
22109,published
37049,published
51195,published
38025,published
54081,published
05073,published
28127,published
37181,published
45087,published
40081,published
37167,published
36033,published
22081,published
13177,published
18083,published
28061,published
12017,published
22127,published
47015,published
28081,published
22123,published
22049,published
47031,published
21233,published
18145,published
47069,published
47063,published
05017,published
29089,published
47079,published
01015,published
21227,published
48315,published
48483,published
37191,published
37045,published
22115,published
05005,published
29079,published
48365,published
13115,published
39067,published
37057,published
13119,published
17029,published
29129,published
54103,published
55067,published
29115,published
21015,published
13013,published
05091,published
48129,published
39097,published
19151,published
54039,published
21113,published
48351,published
47001,published
05129,published
05141,published
37093,published
26119,published
39047,published
19105,published
26075,published
18023,published
29091,published
40037,published
05057,published
47107,published
48161,published
13273,published
18133,published
22037,published
47175,published
18021,published
37173,published
47023,published
51117,published
48023,published
19045,published
19053,published
18171,published
22059,published
18069,published
48277,published
39039,published
17123,published
48459,published
26001,published
39033,published
18169,published
48401,published
37121,published
36039,published
26133,published
21007,published
23011,published
13179,published
18017,published
46029,published
13227,published
45067,published
29125,published
22111,published
36015,published
22001,published
45021,published
05041,published
48067,published
47129,published
01127,published
17187,published
17151,published
54029,published
05003,published
29097,published
45047,published
47099,published
19065,published
17129,published
19159,published
01071,published
29029,published
01079,published
48313,published
01111,published
37085,published
17163,published
05113,published
51135,published
29101,published
39019,published
27061,published
13191,published
05037,published
39009,published
40085,published
19013,published
40063,published
19057,published
54069,published
36023,published
12019,published
19129,published
47163,published
37115,published
13175,published
45025,published
28145,published
54051,published
18067,published
37023,published
29027,published
13257,published
37077,published
48231,published
28097,published
18031,published
21089,published
47183,published
21111,published
47059,published
37071,published
40071,published
17127,published
21143,published
23017,published
36099,published
22007,published
22119,published
39089,published
13083,published
19073,published
17109,published
22023,published
05035,published
37091,published
46102,published
01115,published
19155,published
22121,published
39013,published
24510,published
37027,published
47009,published
39175,published
13321,published
28123,published
28059,published
39117,published
21073,published
05065,published
37007,published
18093,published
37059,published
51029,published
05123,published
23001,published
18033,published
51730,published
36037,published
47155,published
47135,published
54097,published
48037,published
13081,published
37101,published
36065,published
13005,published
18091,published
22113,published
28045,published
17105,published
36009,published
13019,published
29167,published
13107,published
40005,published
40133,published
40045,published
12053,published
05045,published
40051,published
44003,published
40043,published
18177,published
19143,published
37159,published
48073,published
18073,published
40079,published
13071,published
13289,published
13163,published
21215,published
13141,published
38071,published
28033,published
18097,published
29179,published
40049,published
39025,published
51173,published
47109,published
26059,published
13223,published
37001,published
54025,published
12113,published
18107,published
36117,published
40015,published
26123,published
47095,published
51119,published
48499,published
42059,published
42057,published
12023,published
01045,published
17067,published
19019,published
09015,published
22085,published
37051,published
18101,published
55041,published
22101,published
51137,published
51193,published
37017,published
33017,published
55059,published
18087,published
27029,published
01075,published
37187,published
42051,published
13045,published
39135,published
30041,published
21211,published
01085,published
18005,published
19003,published
01109,published
24011,published
22067,published
16063,published
54009,published
37131,published
28085,published
12033,published
12083,published
18135,published
27059,published
46099,published
19187,published
05099,published
28027,published
28051,published
42121,published
05145,published
40013,published
47153,published
54027,published
38099,published
51710,published
55053,published
21101,published
19015,published
12077,published
13275,published
02130,published
51071,published
48097,published
26071,published
47049,published
17195,published
36063,published
18013,published
17173,published
17193,published
51570,published
51159,published
13069,published
18153,published
05131,published
21181,published
54007,published
27007,published
17075,published
13293,published
28049,published
28007,published
18061,published
18025,published
26039,published
39007,published
13263,published
31125,published
01053,published
55057,published
24045,published
55105,published
16039,published
27081,published
17023,published
18077,published
48467,published
55081,published
17045,published
29063,published
05115,published
36067,published
48289,published
36089,published
17009,published
22097,published
13003,published
01035,published
05063,published
13027,published
29047,published
34033,published
29119,published
51037,published
21105,published
13157,published
37047,published
48197,published
47119,published
37161,published
37087,published
13159,published
47125,published
45055,published
47145,published
13311,published
54013,published
17073,published
01009,published
22003,published
01055,published
18121,published
36001,published
22099,published
54055,published
55031,published
42105,published
13029,published
28067,published
13197,published
47105,published
22125,published
36021,published
45001,published
37109,published
27043,published
23003,published
47185,published
47075,published
33019,published
01093,published
01007,published
37193,published
12127,published
28029,published
13171,published
13075,published
29131,published
37065,published
19029,published
18051,published
48159,published
05009,published
45059,published
48361,published
05051,published
02188,published
29051,published
22045,published
48275,published
37117,published
28109,published
47061,published
47027,published
42033,published
36093,published
13167,published
37105,published
05125,published
28065,published
19097,published
17101,published
12089,published
12101,published
13111,published
42097,published
54079,published
27025,published
29105,published
22031,published
51073,published
27117,published
01039,published
26099,published
29085,published
36095,published
28101,published
29009,published
17063,published
56045,published
13225,published
26021,published
26087,published
22009,published
37031,published
19135,published
22011,published
39029,published
29161,published
48027,published
29510,published
13169,published
48457,published
48419,published
54037,published
53045,published
24001,published
28023,published
37145,published
51187,published
28003,published
19107,published
19133,published
45005,published
42025,published
48307,published
26109,published
10001,published
18181,published
51133,published
13009,published
47139,published
39113,published
17165,published
18137,published
19193,published
27075,published
26129,published
12047,published
48293,published
02290,published
42013,published
21209,published
37069,published
51139,published
21067,published
13267,published
21229,published
27001,published
51197,published
19163,published
51131,published
40147,published
17011,published
34009,published
29095,published
48497,published
17203,published
05149,published
42007,published
40033,published
18027,published
26163,published
39139,published
55001,published
47091,published
48145,published
24015,published
37061,published
41009,published
29215,published
13285,published
26149,published
42099,published
40031,published
51057,published
42093,published
48337,published
42039,published
40019,published
12031,published
28151,published
46101,published
04015,published
12043,published
26165,published
18081,published
19111,published
28079,published
22087,published
19039,published
22015,published
13047,published
48193,published
17191,published
55137,published
40137,published
37003,published
05061,published
01051,published
13313,published
38049,published
22075,published
46121,published
42081,published
34001,published
51105,published
28053,published
51009,published
39003,published
23007,published
26033,published
05139,published
36013,published
40003,published
39155,published
26067,published
42065,published
39095,published
26057,published
01133,published
48367,published
51025,published
39147,published
36113,published
01121,published
36017,published
47051,published
27017,published
23031,published
40123,published
42125,published
26151,published
34029,published
13259,published
54105,published
48181,published
55013,published
18047,published
18151,published
48485,published
55079,published
46125,published
42049,published
18173,published
01065,published
55101,published
29211,published
06115,published
40009,published
26017,published
17087,published
01123,published
28113,published
36029,published
12045,published
26073,published
45031,published
47093,published
38081,published
42069,published
36051,published
51630,published
39149,published
45007,published
42079,published
36053,published
47141,published
48199,published
51155,published
39017,published
45083,published
39069,published
38057,published
45049,published
01029,published
55077,published
28039,published
40001,published
54075,published
13245,published
48203,published
29225,published
36123,published
54063,published
26101,published
37083,published
38073,published
28153,published
13303,published
25005,published
37141,published
37097,published
36043,published
26157,published
29045,published
39125,published
27063,published
19095,published
47165,published
38045,published
19127,published
30053,published
19117,published
39109,published
18155,published
31061,published
26147,published
39061,published
17053,published
46087,published
17159,published
45027,published
34011,published
26113,published
19175,published
18163,published
37095,published
29229,published
28147,published
39021,published
31065,published
51740,published
05027,published
01131,published
17171,published
39111,published
36101,published
13095,published
01067,published
13269,published
13147,published
28155,published
13021,published
37123,published
22027,published
05087,published
13255,published
29217,published
18049,published
25013,published
21225,published
29057,published
21239,published
40149,published
51590,published
18183,published
51051,published
01021,published
55047,published
13279,published
18103,published
38059,published
16035,published
40023,published
47149,published
36003,published
13215,published
55121,published
23027,published
29107,published
36105,published
42089,published
05101,published
48429,published
48251,published
40075,published
26155,published
47189,published
42035,published
34015,published
41013,published
37195,published
42067,published
28087,published
27005,published
17059,published
39093,published
37067,published
19139,published
05015,published
27119,published
53049,published
01103,published
26107,published
01113,published
32023,published
37039,published
05097,published
29087,published
22043,published
19153,published
12105,published
37005,published
01095,published
54067,published
27141,published
27079,published
36077,published
17201,published
37043,published
39091,published
47171,published
01001,published
12005,published
27171,published
18043,published
48051,published
28103,published
26153,published
19011,published
13205,published
51077,published
39143,published
12091,published
53027,published
48363,published
48183,published
22105,published
13091,published
26025,published
27015,published
25023,published
12051,published
28009,published
16075,published
47179,published
13099,published
22017,published
51790,published
17139,published
28077,published
19037,published
27021,published
12009,published
42103,published
28063,published
42083,published
27057,published
39157,published
28011,published
37013,published
45071,published
29135,published
19077,published
55085,published
17155,published
45061,published
17049,published
41033,published
28015,published
28125,published
42101,published
48107,published
41011,published
17141,published
17161,published
36025,published
46047,published
29019,published
08009,published
42005,published
19165,published
45035,published
27105,published
37137,published
45041,published
13137,published
28069,published
45077,published
39171,published
40041,published
01043,published
27093,published
25027,published
40113,published
55095,published
13001,published
47011,published
18127,published
26049,published
12039,published
18039,published
01025,published
55123,published
48035,published
40131,published
26041,published
19099,published
28149,published
51109,published
13207,published
12035,published
17037,published
47127,published
19125,published
36091,published
27099,published
24009,published
55127,published
51015,published
36121,published
39035,published
13087,published
27003,published
09011,published
39133,published
48241,published
40083,published
39153,published
13277,published
29037,published
48001,published
25003,published
54089,published
13161,published
37081,published
39151,published
45051,published
27027,published
53047,published
39085,published
19197,published
18059,published
29003,published
36031,published
31111,published
13251,published
51690,published
17005,published
48281,published
33003,published
13033,published
13189,published
28005,published
50021,published
19085,published
19051,published
51125,published
47035,published
19031,published
48335,published
37019,published
27091,published
01037,published
42115,published
05081,published
34041,published
29197,published
16061,published
26023,published
37147,published
12133,published
13035,published
29059,published
47065,published
29151,published
55075,published
45063,published
29109,published
51760,published
05077,published
22053,published
55125,published
22057,published
19123,published
17103,published
38035,published
42087,published
12103,published
01005,published
28075,published
24019,published
27089,published
29077,published
48223,published
36085,published
27137,published
48503,published
29025,published
51680,published
39011,published
48321,published
26111,published
13241,published
27009,published
39045,published
42109,published
42053,published
21021,published
19113,published
36071,published
19067,published
39049,published
31053,published
37143,published
27151,published
37035,published
22019,published
50015,published
18123,published
22005,published
27095,published
22093,published
31131,published
50009,published
48071,published
27097,published
51023,published
12015,published
31055,published
05119,published
18015,published
17027,published
50017,published
39123,published
31025,published
12061,published
13123,published
36069,published
51031,published
42085,published
42003,published
46123,published
40087,published
36055,published
33001,published
27051,published
51177,published
29039,published
48405,published
42127,published
37125,published
45085,published
22069,published
27127,published
24043,published
50011,published
32019,published
48331,published
51036,published
18157,published
12055,published
48375,published
51167,published
51917,published
18141,published
55111,published
40119,published
29213,published
27035,published
38067,published
39077,published
18161,published
33013,published
48495,published
26053,published
18071,published
12069,published
24025,published
18075,published
26145,published
12063,published
36107,published
40047,published
19009,published
01019,published
48297,published
17007,published
44007,published
06033,published
29183,published
01097,published
09009,published
24037,published
19087,published
48353,published
42023,published
39005,published
53053,published
46013,published
12049,published
17035,published
13127,published
40011,published
34007,published
54077,published
37179,published
45065,published
40055,published
02198,published
51113,published
37021,published
19033,published
26027,published
10005,published
45091,published
12131,published
13281,published
22103,published
45073,published
26105,published
51775,published
01013,published
48257,published
01033,published
51840,published
38017,published
29189,published
13199,published
19157,published
29033,published
13037,published
21185,published
54101,published
01107,published
29031,published
23009,published
13211,published
13237,published
48349,published
51163,published
39083,published
27129,published
17033,published
37015,published
51595,published
47113,published
24005,published
27165,published
04012,published
06021,published
18063,published
12111,published
50023,published
51063,published
01031,published
26159,published
51650,published
13017,published
28099,published
36079,published
09005,published
42011,published
02050,published
30083,published
36103,published
45015,published
48133,published
42077,published
06103,published
13297,published
40035,published
42073,published
48167,published
13217,published
19121,published
13181,published
17111,published
55099,published
19195,published
42123,published
28041,published
48449,published
51067,published
29001,published
55005,published
23023,published
31155,published
36041,published
48049,published
12027,published
37127,published
39169,published
13235,published
51145,published
04011,published
39103,published
37113,published
41031,published
55135,published
13283,published
01099,published
37025,published
19173,published
48253,published
26063,published
33011,published
51810,published
27173,published
51011,published
36007,published
53015,published
22079,published
19005,published
26019,published
17065,published
42133,published
13097,published
18003,published
27145,published
18019,published
28073,published
28001,published
51800,published
28159,published
33015,published
18099,published
17197,published
40109,published
27049,published
22055,published
50005,published
41065,published
48423,published
18085,published
02240,published
36027,published
31081,published
09013,published
27153,published
28121,published
42015,published
05133,published
31021,published
32021,published
37175,published
42061,published
29186,published
55071,published
18147,published
38097,published
55139,published
29081,published
51035,published
38029,published
51087,published
30091,published
51185,published
29173,published
24029,published
42009,published
39099,published
48139,published
42095,published
40103,published
39037,published
18089,published
40145,published
51550,published
31067,published
42001,published
17189,published
08073,published
22073,published
26031,published
48299,published
45039,published
53067,published
12079,published
12057,published
28019,published
55027,published
47037,published
28133,published
29209,published
01049,published
01003,published
33005,published
17019,published
26095,published
48059,published
45009,published
51065,published
39159,published
39043,published
51089,published
19093,published
29011,published
02122,published
01063,published
29145,published
28071,published
13261,published
01077,published
19109,published
18037,published
55083,published
12085,published
27113,published
13031,published
19171,published
48395,published
12059,published
09007,published
55017,published
22029,published
42047,published
36111,published
48005,published
36049,published
48399,published
40027,published
48009,published
45075,published
30043,published
37041,published
09003,published
01069,published
19141,published
19079,published
50003,published
01057,published
51750,published
51115,published
46093,published
46127,published
55037,published
22051,published
19063,published
13043,published
16021,published
51079,published
51179,published
55003,published
48177,published
19023,published
42037,published
24013,published
34037,published
41043,published
31003,published
40143,published
18159,published
39165,published
19001,published
51700,published
55023,published
13085,published
37139,published
29067,published
19043,published
25011,published
30077,published
51735,published
46015,published
27161,published
22025,published
13253,published
42031,published
38055,published
17147,published
37185,published
55107,published
40151,published
33007,published
55049,published
46129,published
37009,published
41057,published
30021,published
27047,published
37129,published
31051,published
19061,published
51191,published
46103,published
32015,published
13185,published
47157,published
27131,published
19185,published
30035,published
26137,published
42043,published
41047,published
05007,published
27123,published
13231,published
06089,published
19089,published
55055,published
40017,published
23005,published
13221,published
16069,published
42021,published
55117,published
06015,published
24003,published
31079,published
28037,published
46057,published
13051,published
26043,published
13063,published
01011,published
22065,published
30101,published
42113,published
48471,published
51175,published
25009,published
18105,published
46027,published
51141,published
41049,published
13155,published
27067,published
38063,published
26093,published
48055,published
26121,published
55063,published
55069,published
27111,published
53057,published
27045,published
34005,published
19183,published
02020,published
44009,published
22077,published
29061,published
42045,published
54057,published
19091,published
13057,published
22091,published
26045,published
17113,published
32510,published
42129,published
26015,published
37089,published
31097,published
51045,published
48039,published
17177,published
48195,published
13093,published
31153,published
17133,published
51678,published
54061,published
34025,published
44001,published
51161,published
38015,published
25021,published
39161,published
26091,published
26003,published
51083,published
39051,published
19189,published
51181,published
18011,published
48135,published
26081,published
53009,published
22107,published
51085,published
26115,published
06007,published
48221,published
29005,published
48019,published
55043,published
51169,published
26065,published
13077,published
16009,published
48143,published
38093,published
01073,published
27169,published
26077,published
31145,published
53061,published
16055,published
48227,published
13133,published
17013,published
41041,published
46037,published
55129,published
31147,published
48175,published
12109,published
13291,published
22095,published
13271,published
05143,published
53041,published
13309,published
48403,published
01125,published
30005,published
19059,published
31127,published
27147,published
19131,published
31099,published
27013,published
33009,published
39057,published
46077,published
31095,published
24047,published
26009,published
31139,published
12037,published
31001,published
46035,published
48309,published
13209,published
51685,published
31129,published
13317,published
08099,published
27033,published
45081,published
42075,published
48021,published
46081,published
47047,published
42017,published
55021,published
23015,published
19041,published
12119,published
10003,published
38105,published
24041,published
02170,published
46065,published
51093,published
42119,published
42111,published
50019,published
51041,published
55115,published
51620,published
30023,published
55119,published
16027,published
19049,published
45045,published
19075,published
13287,published
47103,published
51049,published
31143,published
19069,published
28157,published
19083,published
41051,published
31043,published
27083,published
01101,published
42117,published
51075,published
51143,published
26005,published
12065,published
26103,published
37099,published
13139,published
30047,published
17097,published
41007,published
55103,published
23013,published
48451,published
50025,published
30013,published
22071,published
40153,published
01083,published
26125,published
32001,published
48053,published
27109,published
48057,published
30093,published
01017,published
17015,published
12071,published
55065,published
12115,published
22033,published
51047,published
39173,published
45019,published
48265,published
08081,published
55045,published
37055,published
24017,published
54023,published
55039,published
25025,published
48077,published
12073,published
48245,published
04003,published
12001,published
50007,published
48473,published
41019,published
45043,published
48237,published
48065,published
48225,published
55073,published
06109,published
16073,published
19035,published
19055,published
01089,published
22061,published
48207,published
06023,published
29043,published
53035,published
48347,published
19047,published
51001,published
48441,published
25001,published
37073,published
45079,published
29199,published
55029,published
17031,published
30017,published
48409,published
51165,published
30003,published
30105,published
48075,published
17093,published
48285,published
29147,published
55087,published
27041,published
48123,published
48469,published
39063,published
36059,published
55009,published
13023,published
45057,published
37053,published
31107,published
31109,published
22089,published
26061,published
28089,published
35035,published
35009,published
27037,published
13151,published
46005,published
25017,published
48437,published
13153,published
48411,published
06005,published
26047,published
51069,published
46083,published
42019,published
30015,published
42041,published
16045,published
50001,published
31089,published
27163,published
31019,published
27157,published
48339,published
48015,published
38003,published
50027,published
27101,published
41059,published
28025,published
26127,published
55131,published
13131,published
56007,published
31141,published
42055,published
26097,published
01129,published
56011,published
48185,published
12117,published
27139,published
12081,published
13059,published
55033,published
41029,published
53017,published
48179,published
45003,published
26055,published
38101,published
40065,published
55007,published
55109,published
31059,published
53051,published
34021,published
48425,published
53039,published
55133,published
53029,published
37063,published
50013,published
44005,published
30049,published
29165,published
36109,published
51199,published
02261,published
41025,published
53007,published
16077,published
37183,published
30111,published
51081,published
39107,published
30029,published
48031,published
18129,published
25015,published
51171,published
31027,published
31177,published
41015,published
41071,published
13145,published
02220,published
48439,published
46079,published
37119,published
16003,published
53011,published
48187,published
51027,published
30087,published
01047,published
48131,published
30065,published
42071,published
31039,published
48381,published
45089,published
30071,published
46109,published
08001,published
40139,published
53025,published
48259,published
46023,published
55141,published
13243,published
27121,published
12097,published
41035,published
37135,published
18179,published
48303,published
28105,published
13121,published
37029,published
27125,published
51043,published
06093,published
48089,published
39121,published
27053,published
17089,published
12087,published
13073,published
42091,published
13117,published
24021,published
31185,published
56005,published
35051,published
55015,published
27055,published
08043,published
53073,published
08101,published
39055,published
48239,published
16059,published
37011,published
48153,published
48389,published
48279,published
17043,published
48391,published
27085,published
48233,published
31101,published
48287,published
53005,published
38009,published
48477,published
55025,published
19181,published
08103,published
36087,published
53077,published
38089,published
30061,published
06095,published
55061,published
45017,published
38061,published
31013,published
19025,published
40039,published
53021,published
55093,published
13067,published
42029,published
51520,published
31023,published
39041,published
30081,published
25007,published
45011,published
27143,published
19119,published
06009,published
27011,published
34003,published
37037,published
24035,published
11001,published
38077,published
48025,published
48113,published
48163,published
13165,published
30095,published
31159,published
30007,published
19169,published
16017,published
35037,published
48013,published
16049,published
27019,published
19017,published
01081,published
12095,published
40093,published
31157,published
31137,published
06101,published
41053,published
19081,published
55097,published
26013,published
08071,published
01091,published
01087,published
30085,published
48371,published
56009,published
34023,published
06099,published
37149,published
09001,published
56025,published
06067,published
53063,published
48329,published
04025,published
48487,published
35023,published
39137,published
35005,published
41045,published
56033,published
08077,published
48091,published
41005,published
55035,published
31011,published
30089,published
48093,published
48397,published
37189,published
26029,published
31151,published
40141,published
19101,published
26161,published
34031,published
46135,published
48255,published
08121,published
54031,published
48041,published
45053,published
32003,published
51095,published
49007,published
19149,published
27073,published
55089,published
48445,published
08109,published
17085,published
46019,published
12099,published
32029,published
53033,published
34027,published
16047,published
02090,published
31031,published
19027,published
08011,published
06043,published
02110,published
31037,published
35025,published
36119,published
01117,published
08085,published
19161,published
16001,published
51157,published
35029,published
04021,published
55019,published
53059,published
27135,published
41001,published
27039,published
16087,published
42063,published
31119,published
26131,published
41067,published
48003,published
08039,published
56015,published
32031,published
51153,published
27133,published
12011,published
48201,published
08075,published
16005,published
48121,published
41017,published
12086,published
31179,published
18057,published
53037,published
36005,published
13089,published
06105,published
48475,published
25019,published
51600,published
13315,published
51061,published
45037,published
16083,published
36061,published
26037,published
48149,published
51830,published
45013,published
48463,published
08123,published
13247,published
48481,published
04013,published
30063,published
19103,published
06113,published
06075,published
13135,published
27071,published
51683,published
06077,published
53065,published
06045,published
56021,published
31041,published
41023,published
53031,published
51121,published
35061,published
53019,published
31121,published
42027,published
28021,published
56013,published
01023,published
34013,published
18001,published
36047,published
01119,published
48189,published
55011,published
48273,published
26141,published
06073,published
53013,published
04027,published
30001,published
26139,published
56029,published
41037,published
36081,published
15003,published
35015,published
06039,published
06049,published
06029,published
48325,published
04019,published
41039,published
49015,published
04007,published
48333,published
06035,published
15001,published
48029,published
48491,published
06019,published
34035,published
16011,published
08029,published
55091,published
47187,published
51021,published
39075,published
31035,published
08031,published
31093,published
46011,published
08059,published
40073,published
24023,published
48085,published
06097,published
06047,published
48357,published
48493,published
06011,published
32007,published
46115,published
32013,published
06061,published
08087,published
56043,published
06063,published
46009,published
48209,published
53071,published
08041,published
48115,published
06013,published
16053,published
48219,published
30027,published
56017,published
35057,published
08005,published
06055,published
48355,published
06071,published
08089,published
56003,published
31161,published
27103,published
27031,published
16029,published
48127,published
51540,published
51003,published
08119,published
34019,published
30067,published
48505,published
34039,published
06111,published
06079,published
13219,published
06065,published
06017,published
24033,published
41061,published
34017,published
13113,published
06001,published
16057,published
48465,published
16067,published
53043,published
02150,published
48453,published
01105,published
48415,published
08055,published
06059,published
56037,published
15009,published
06057,published
51660,published
31047,published
06083,published
53001,published
53075,published
32005,published
56031,published
38053,published
15007,published
49013,published
48117,published
06031,published
08069,published
04009,published
49045,published
08019,published
30073,published
16085,published
16015,published
48249,published
08045,published
06081,published
12021,published
19191,published
49023,published
08014,published
08105,published
41027,published
08013,published
24027,published
06041,published
30057,published
48507,published
26089,published
16051,published
56019,published
48341,published
06085,published
16019,published
48157,published
35001,published
31033,published
08063,published
35043,published
51107,published
08051,published
08003,published
06037,published
08083,published
53003,published
48369,published
19021,published
49019,published
30009,published
35013,published
04017,published
35041,published
06087,published
08035,published
30031,published
31045,published
16031,published
48171,published
48165,published
06107,published
19167,published
06053,published
35045,published
49047,published
46051,published
51510,published
49025,published
06025,published
08007,published
53055,published
32033,published
27149,published
35047,published
41063,published
48427,published
06027,published
35006,published
30099,published
04023,published
24031,published
08093,published
49057,published
08015,published
53069,published
48141,published
49035,published
06069,published
56001,published
08067,published
35017,published
41003,published
51610,published
49037,published
46033,published
51059,published
35053,published
48323,published
35027,published
54071,published
48061,published
48215,published
51013,published
08049,published
48043,published
49021,published
48479,published
35049,published
48489,published
08107,published
16043,published
46067,published
56035,published
49053,published
56041,published
08027,published
49011,published
04005,published
16013,published
49027,published
16065,published
35039,published
49003,published
49043,published
49039,published
56023,published
08097,published
56039,published
49041,published
35055,published
35007,published
35028,published
49049,published
49005,published
49051,published
08037,published
04001,published
72001,published
08117,published
35031,published
38001,suppressed_small_count
02013,suppressed_small_count
02016,suppressed_small_count
06003,suppressed_small_count
48011,suppressed_small_count
31005,suppressed_small_count
46003,suppressed_small_count
48017,suppressed_small_count
13007,suppressed_small_count
31007,suppressed_small_count
16007,suppressed_small_count
40007,suppressed_small_count
49001,suppressed_small_count
46007,suppressed_small_count
38007,suppressed_small_count
31009,suppressed_small_count
48033,suppressed_small_count
38011,suppressed_small_count
31015,suppressed_small_count
48045,suppressed_small_count
02060,suppressed_small_count
48047,suppressed_small_count
31017,suppressed_small_count
46017,suppressed_small_count
38013,suppressed_small_count
16023,suppressed_small_count
16025,suppressed_small_count
46021,suppressed_small_count
30011,suppressed_small_count
48069,suppressed_small_count
35003,suppressed_small_count
38019,suppressed_small_count
31029,suppressed_small_count
13053,suppressed_small_count
08017,suppressed_small_count
40025,suppressed_small_count
16033,suppressed_small_count
46025,suppressed_small_count
13061,suppressed_small_count
48079,suppressed_small_count
48081,suppressed_small_count
48087,suppressed_small_count
48095,suppressed_small_count
08021,suppressed_small_count
46031,suppressed_small_count
08023,suppressed_small_count
48101,suppressed_small_count
48103,suppressed_small_count
48105,suppressed_small_count
08025,suppressed_small_count
48109,suppressed_small_count
16037,suppressed_small_count
49009,suppressed_small_count
48111,suppressed_small_count
30019,suppressed_small_count
35011,suppressed_small_count
02068,suppressed_small_count
31049,suppressed_small_count
46039,suppressed_small_count
48125,suppressed_small_count
38021,suppressed_small_count
38023,suppressed_small_count
08033,suppressed_small_count
46043,suppressed_small_count
31057,suppressed_small_count
13101,suppressed_small_count
38027,suppressed_small_count
46045,suppressed_small_count
48137,suppressed_small_count
32009,suppressed_small_count
32011,suppressed_small_count
30025,suppressed_small_count
46049,suppressed_small_count
48151,suppressed_small_count
48155,suppressed_small_count
38031,suppressed_small_count
16041,suppressed_small_count
31063,suppressed_small_count
31069,suppressed_small_count
30033,suppressed_small_count
31071,suppressed_small_count
49017,suppressed_small_count
53023,suppressed_small_count
48169,suppressed_small_count
41021,suppressed_small_count
08047,suppressed_small_count
13125,suppressed_small_count
48173,suppressed_small_count
30037,suppressed_small_count
38033,suppressed_small_count
31073,suppressed_small_count
30039,suppressed_small_count
31075,suppressed_small_count
38037,suppressed_small_count
40053,suppressed_small_count
31077,suppressed_small_count
46053,suppressed_small_count
38039,suppressed_small_count
35019,suppressed_small_count
46055,suppressed_small_count
02100,suppressed_small_count
48191,suppressed_small_count
46059,suppressed_small_count
46061,suppressed_small_count
35021,suppressed_small_count
46063,suppressed_small_count
31083,suppressed_small_count
40057,suppressed_small_count
48205,suppressed_small_count
31085,suppressed_small_count
48211,suppressed_small_count
38041,suppressed_small_count
08053,suppressed_small_count
31091,suppressed_small_count
02105,suppressed_small_count
48229,suppressed_small_count
46069,suppressed_small_count
48235,suppressed_small_count
28055,suppressed_small_count
08057,suppressed_small_count
46071,suppressed_small_count
48243,suppressed_small_count
46073,suppressed_small_count
48247,suppressed_small_count
46075,suppressed_small_count
30045,suppressed_small_count
15005,suppressed_small_count
48261,suppressed_small_count
48263,suppressed_small_count
26083,suppressed_small_count
31103,suppressed_small_count
38043,suppressed_small_count
31105,suppressed_small_count
48267,suppressed_small_count
48269,suppressed_small_count
48271,suppressed_small_count
08061,suppressed_small_count
02158,suppressed_small_count
48283,suppressed_small_count
08065,suppressed_small_count
02164,suppressed_small_count
27077,suppressed_small_count
30051,suppressed_small_count
32017,suppressed_small_count
48295,suppressed_small_count
31113,suppressed_small_count
38047,suppressed_small_count
31115,suppressed_small_count
48301,suppressed_small_count
48305,suppressed_small_count
46091,suppressed_small_count
48317,suppressed_small_count
48319,suppressed_small_count
30055,suppressed_small_count
38051,suppressed_small_count
48311,suppressed_small_count
31117,suppressed_small_count
46089,suppressed_small_count
30059,suppressed_small_count
46095,suppressed_small_count
48327,suppressed_small_count
46097,suppressed_small_count
08079,suppressed_small_count
06051,suppressed_small_count
35033,suppressed_small_count
49029,suppressed_small_count
31123,suppressed_small_count
48345,suppressed_small_count
56027,suppressed_small_count
51720,suppressed_small_count
48359,suppressed_small_count
38065,suppressed_small_count
16071,suppressed_small_count
08091,suppressed_small_count
31133,suppressed_small_count
31135,suppressed_small_count
46105,suppressed_small_count
32027,suppressed_small_count
02195,suppressed_small_count
30069,suppressed_small_count
08095,suppressed_small_count
38069,suppressed_small_count
49031,suppressed_small_count
46107,suppressed_small_count
30075,suppressed_small_count
30079,suppressed_small_count
48377,suppressed_small_count
48383,suppressed_small_count
38075,suppressed_small_count
49033,suppressed_small_count
48393,suppressed_small_count
31149,suppressed_small_count
40129,suppressed_small_count
08111,suppressed_small_count
08113,suppressed_small_count
46111,suppressed_small_count
48413,suppressed_small_count
08115,suppressed_small_count
48417,suppressed_small_count
38083,suppressed_small_count
31163,suppressed_small_count
41055,suppressed_small_count
48421,suppressed_small_count
06091,suppressed_small_count
31165,suppressed_small_count
38085,suppressed_small_count
02230,suppressed_small_count
38087,suppressed_small_count
46117,suppressed_small_count
31167,suppressed_small_count
38091,suppressed_small_count
48431,suppressed_small_count
48433,suppressed_small_count
46119,suppressed_small_count
48435,suppressed_small_count
30097,suppressed_small_count
13265,suppressed_small_count
48443,suppressed_small_count
16081,suppressed_small_count
31169,suppressed_small_count
31171,suppressed_small_count
48447,suppressed_small_count
38095,suppressed_small_count
30103,suppressed_small_count
35059,suppressed_small_count
48461,suppressed_small_count
31175,suppressed_small_count
49055,suppressed_small_count
13307,suppressed_small_count
31181,suppressed_small_count
38103,suppressed_small_count
30107,suppressed_small_count
31183,suppressed_small_count
41069,suppressed_small_count
30109,suppressed_small_count
29227,suppressed_small_count
02275,suppressed_small_count
02282,suppressed_small_count
48501,suppressed_small_count
08125,suppressed_small_count
46137,suppressed_small_count
20001,withheld_state_law
20003,withheld_state_law
20005,withheld_state_law
20007,withheld_state_law
20009,withheld_state_law
20011,withheld_state_law
20013,withheld_state_law
20015,withheld_state_law
20017,withheld_state_law
20019,withheld_state_law
20021,withheld_state_law
20023,withheld_state_law
20025,withheld_state_law
20027,withheld_state_law
20029,withheld_state_law
20031,withheld_state_law
20033,withheld_state_law
20035,withheld_state_law
20037,withheld_state_law
20039,withheld_state_law
20041,withheld_state_law
20043,withheld_state_law
20045,withheld_state_law
20047,withheld_state_law
20049,withheld_state_law
20051,withheld_state_law
20053,withheld_state_law
20055,withheld_state_law
20057,withheld_state_law
20059,withheld_state_law
20061,withheld_state_law
20063,withheld_state_law
20065,withheld_state_law
20067,withheld_state_law
20069,withheld_state_law
20071,withheld_state_law
20073,withheld_state_law
20075,withheld_state_law
20077,withheld_state_law
20079,withheld_state_law
20081,withheld_state_law
20083,withheld_state_law
20085,withheld_state_law
20087,withheld_state_law
20089,withheld_state_law
20091,withheld_state_law
20093,withheld_state_law
20095,withheld_state_law
20097,withheld_state_law
20099,withheld_state_law
20101,withheld_state_law
20103,withheld_state_law
20105,withheld_state_law
20107,withheld_state_law
20109,withheld_state_law
20111,withheld_state_law
20115,withheld_state_law
20117,withheld_state_law
20113,withheld_state_law
20119,withheld_state_law
20121,withheld_state_law
20123,withheld_state_law
20125,withheld_state_law
20127,withheld_state_law
20129,withheld_state_law
20131,withheld_state_law
20133,withheld_state_law
20135,withheld_state_law
20137,withheld_state_law
20139,withheld_state_law
20141,withheld_state_law
20143,withheld_state_law
20145,withheld_state_law
20147,withheld_state_law
20149,withheld_state_law
20151,withheld_state_law
20153,withheld_state_law
20155,withheld_state_law
20157,withheld_state_law
20159,withheld_state_law
20161,withheld_state_law
20163,withheld_state_law
20165,withheld_state_law
20167,withheld_state_law
20169,withheld_state_law
20171,withheld_state_law
20173,withheld_state_law
20175,withheld_state_law
20177,withheld_state_law
20179,withheld_state_law
20181,withheld_state_law
20183,withheld_state_law
20185,withheld_state_law
20187,withheld_state_law
20189,withheld_state_law
20191,withheld_state_law
20193,withheld_state_law
20195,withheld_state_law
20197,withheld_state_law
20199,withheld_state_law
20201,withheld_state_law
20203,withheld_state_law
20205,withheld_state_law
20207,withheld_state_law
20209,withheld_state_law
