fips,rate
12125,1215.0
48373,683.8
31117,677.0
46041,649.8
21023,621.8
28119,621.8
48229,618.8
21237,615.5
27087,608.7
21057,606.5
27155,606.0
51640,605.2
46049,604.7
17003,603.7
13053,601.3
21139,598.4
21137,598.0
22047,596.5
48011,595.2
21197,594.3
05075,592.8
48137,590.7
31087,589.8
21121,588.0
21071,588.0
46075,587.5
17025,587.0
18007,586.1
48433,585.8
22023,585.6
29181,585.5
46111,583.5
29227,583.1
54073,582.9
54043,582.4
19029,581.9
29035,581.9
54045,581.5
21075,581.1
46087,580.3
39087,580.2
13227,580.0
21001,579.8
21223,579.7
17153,579.7
17129,579.6
21235,578.7
21203,578.7
17061,577.3
38079,575.6
54015,574.0
21051,573.2
19147,573.1
21065,572.7
21081,572.7
21043,572.6
05111,571.2
47169,568.5
17037,568.1
46003,567.8
18045,567.2
21085,566.8
02164,566.8
01041,566.6
54041,566.3
31077,565.8
21217,565.3
17125,564.9
30107,564.8
21011,564.6
51580,564.5
21189,564.4
17149,563.9
46077,563.9
05069,563.7
48311,563.1
48023,562.9
17137,562.5
48063,562.2
31009,560.2
28031,560.1
47117,558.8
21173,558.6
51103,558.5
32009,558.3
17115,558.2
21127,558.1
42023,557.8
05041,557.6
27107,557.3
42093,557.0
39167,556.6
21031,556.3
19007,556.1
17021,555.7
05043,555.5
27129,554.9
31125,554.2
29123,554.2
28027,554.2
51530,554.1
05001,553.7
17121,553.3
17167,552.9
21179,552.9
19035,552.8
12053,552.0
36073,551.2
37153,551.0
51057,550.9
36063,550.9
21087,550.8
23029,550.8
37007,550.6
27027,549.9
21167,549.1
29127,549.1
47111,549.1
48045,548.9
46017,548.2
29093,548.1
19037,547.9
19045,547.3
21097,547.3
30077,547.1
21017,547.1
19089,546.9
46099,546.9
37173,546.9
22113,546.7
22125,546.6
17183,546.5
17173,546.4
19133,545.9
19097,545.6
21093,545.6
37111,545.6
21077,545.4
13173,545.3
54083,545.2
27159,545.0
05025,544.9
05129,544.9
13289,544.6
19171,544.4
36075,544.4
39131,543.5
13311,543.5
36097,543.4
17107,543.3
54001,543.2
30087,543.0
38027,542.5
27117,542.4
17009,542.3
23021,542.2
17079,542.2
29149,542.1
22013,542.0
51690,541.6
46073,541.5
21195,541.4
21185,541.3
27051,541.1
21149,541.0
21155,541.0
51670,541.0
28051,540.9
13103,540.9
36045,540.7
19121,540.6
21019,540.5
21191,540.1
29223,540.0
30065,539.8
27057,539.4
27167,539.1
17117,538.8
28053,538.7
28143,538.5
12035,538.5
21229,538.4
40111,538.3
21103,538.2
27127,538.2
54087,538.2
34009,538.2
22097,538.2
51183,537.9
13257,537.7
17057,537.7
28125,537.6
37133,537.6
36023,537.6
21215,537.6
21029,537.5
22001,537.4
21153,537.0
18181,536.9
29111,536.8
21049,536.6
08057,536.3
54085,536.1
37177,536.0
29069,535.9
21199,535.8
42107,535.5
05121,535.4
29187,535.2
51007,535.0
13171,534.9
21171,534.6
21053,534.6
21187,534.5
19135,534.3
19151,534.3
21169,534.2
05023,534.0
19053,533.8
19023,533.6
48081,533.5
01085,532.8
31035,532.7
21079,532.5
28055,532.4
54099,532.2
37077,532.2
27125,532.2
19067,531.7
27007,531.7
13305,531.7
13187,531.6
21147,531.6
17077,531.4
34029,531.3
22027,531.2
54053,531.0
40107,531.0
29133,530.9
13189,530.8
54033,530.7
22045,530.5
21069,530.4
54019,530.2
21099,530.2
21005,530.1
36035,530.1
51127,530.0
19069,530.0
42131,529.9
40097,529.8
36099,529.7
23019,529.6
54091,529.6
30069,529.5
13029,529.3
12129,529.2
27109,529.2
17055,529.2
50013,529.0
21145,529.0
34015,528.8
47067,528.8
27081,528.6
28141,528.6
22099,528.4
21157,528.3
19075,528.0
27023,527.7
17063,527.7
29139,527.2
34025,527.1
51053,527.1
22003,527.0
29163,526.9
29097,526.8
18009,526.8
22117,526.6
40115,526.4
36057,526.4
12089,526.3
21207,526.3
48241,526.1
21047,526.1
47085,526.0
21035,526.0
28115,525.8
02240,525.7
13221,525.7
51115,525.7
18109,525.6
51097,525.6
21117,525.3
21201,525.1
12017,525.1
36123,525.0
13013,524.9
46055,524.8
21039,524.7
05083,524.6
55067,524.5
39119,524.5
13137,524.3
51131,524.3
31071,524.3
21021,524.3
21161,524.2
19179,524.2
21133,524.1
13319,524.0
05019,524.0
21239,523.9
47043,523.7
13105,523.7
24001,523.6
21193,523.6
27005,523.5
21037,523.5
54093,523.3
12083,523.1
12019,523.1
39053,522.9
39141,522.9
27113,522.8
19085,522.7
54059,522.6
37027,522.4
27089,522.4
13163,522.3
27095,522.3
21231,522.2
08017,522.2
13261,522.0
22031,521.8
37191,521.8
28057,521.7
54103,521.7
31005,521.7
19095,521.5
22049,521.3
12009,521.3
27111,521.3
22039,521.2
40077,521.2
21027,521.2
36121,521.1
23009,521.0
28017,521.0
36029,521.0
21151,520.9
19149,520.9
13231,520.7
51730,520.7
39105,520.6
19145,520.3
39065,520.2
19057,520.2
19107,520.1
31061,520.0
19019,520.0
28043,519.8
13039,519.8
54049,519.8
27035,519.7
27015,519.6
36013,519.5
21183,519.5
48213,519.4
42047,519.3
12101,519.3
47039,519.2
27059,519.2
47115,519.1
19143,519.0
19073,519.0
36117,519.0
13255,519.0
13159,518.8
18139,518.7
19011,518.7
22011,518.6
37117,518.6
05039,518.5
29205,518.5
21163,518.4
46027,518.3
29071,518.1
21113,518.1
19015,518.1
40117,518.0
21111,518.0
28081,517.9
37163,517.7
37141,517.7
17131,517.6
28129,517.6
19071,517.6
19131,517.6
36069,517.5
19125,517.5
54005,517.1
21141,517.0
12109,517.0
18031,516.9
22069,516.8
19013,516.7
55077,516.7
36103,516.6
37167,516.4
36113,516.4
48399,516.3
22025,516.3
29017,516.3
36051,516.3
38063,516.2
13177,516.2
29207,516.2
51135,516.2
27163,516.1
13035,516.1
46071,516.1
21095,516.1
28095,516.0
34007,516.0
26119,515.9
19041,515.9
12061,515.9
18035,515.8
13009,515.7
17001,515.7
18079,515.7
29201,515.5
51570,515.5
34037,515.5
19193,515.4
22007,515.2
22083,515.2
17083,515.2
37045,515.2
31003,515.1
05103,515.0
19031,515.0
12107,514.8
48105,514.6
19159,514.5
29175,514.1
27025,514.1
05135,513.9
48073,513.8
55127,513.8
36001,513.7
19003,513.7
13057,513.7
48435,513.6
48307,513.5
29087,513.4
51101,513.1
22123,513.1
19091,513.1
18051,512.9
48151,512.7
55047,512.7
28161,512.6
27165,512.6
36039,512.3
19113,512.2
54011,512.2
13037,512.1
36055,512.1
13025,512.1
29075,512.0
29021,511.9
39089,511.9
10001,511.9
37161,511.7
13095,511.7
27077,511.6
17005,511.6
39081,511.6
19163,511.6
28035,511.5
48363,511.5
21123,511.4
48077,511.3
22009,511.3
22093,511.2
22121,511.1
13143,511.0
21045,510.9
48343,510.9
51137,510.7
42113,510.6
39001,510.5
19059,510.3
05093,510.3
36011,510.1
13217,510.0
37071,510.0
39123,510.0
05141,510.0
22111,509.9
36085,509.7
17119,509.7
13101,509.6
23027,509.5
48379,509.5
22103,509.5
48499,509.3
19119,509.3
12075,509.3
18145,509.3
51820,509.3
49025,509.2
48119,509.2
26051,509.0
21131,509.0
40067,509.0
37181,508.8
21059,508.8
48351,508.7
36037,508.7
17135,508.7
39047,508.6
13297,508.6
31129,508.5
48337,508.5
18161,508.4
18065,508.4
36091,508.3
28163,508.3
26079,508.3
28127,508.3
18115,508.2
54105,508.2
22067,508.2
13195,508.1
05085,508.0
36015,508.0
17143,507.9
27029,507.8
48459,507.7
34005,507.6
42079,507.5
48033,507.5
16039,507.5
37107,507.3
55059,507.2
12033,507.0
31065,507.0
17027,506.9
54081,506.7
21009,506.7
54039,506.6
28113,506.6
37165,506.5
12127,506.5
17171,506.4
36083,506.4
29137,506.3
22119,506.2
24019,506.1
48275,506.0
42095,505.9
19137,505.8
13075,505.8
38017,505.8
39015,505.6
13169,505.5
05059,505.4
19111,505.4
48367,505.3
17189,505.2
37145,505.2
19017,505.2
18083,505.1
48051,505.1
48317,505.1
17179,505.0
39127,505.0
48315,504.9
37001,504.8
30043,504.8
28013,504.8
27065,504.8
37087,504.6
42059,504.5
48207,504.3
21115,504.3
51678,504.0
48147,503.9
24013,503.8
18093,503.8
47159,503.7
48485,503.7
47167,503.7
17139,503.7
55075,503.7
36043,503.6
48217,503.6
17099,503.5
05031,503.5
37125,503.5
31021,503.5
36067,503.5
55078,503.5
30037,503.4
01025,503.3
26075,503.2
17011,503.2
27003,503.2
55125,503.1
30095,503.1
29083,503.0
16061,503.0
19139,503.0
55079,503.0
39079,502.9
13301,502.8
18067,502.7
05147,502.7
22089,502.7
46095,502.7
19115,502.7
21107,502.7
22109,502.6
54079,502.6
22085,502.5
22081,502.5
17017,502.5
37103,502.4
29053,502.3
37121,502.3
26017,502.3
36009,502.3
38049,502.3
27161,502.3
55105,502.3
46127,502.3
55101,502.2
21089,502.2
29045,502.2
47021,502.2
22063,502.1
31175,502.1
13205,502.0
38005,501.9
27119,501.8
17145,501.8
47075,501.8
22105,501.8
21041,501.7
18059,501.7
22035,501.5
42097,501.5
54107,501.4
47005,501.4
37059,501.4
21125,501.4
27061,501.4
31095,501.4
12031,501.3
22005,501.2
27137,501.2
36021,501.2
05127,501.1
27001,501.1
06021,501.0
48071,501.0
37101,500.9
53009,500.8
34041,500.8
48471,500.7
18101,500.7
21135,500.6
21015,500.6
42089,500.6
42025,500.6
21221,500.5
12057,500.4
36049,500.3
36017,500.3
19127,500.3
55133,500.2
17075,500.1
42037,500.1
27021,500.1
38057,500.1
21109,500.1
42081,500.0
18055,500.0
54051,500.0
48007,499.9
12039,499.9
29221,499.9
36059,499.8
22041,499.8
18177,499.7
28083,499.6
17091,499.6
34011,499.5
27079,499.5
55131,499.4
12105,499.3
39111,499.3
19195,499.3
24045,499.3
29103,499.2
48183,499.2
13263,499.2
29115,499.1
17199,499.1
28047,498.9
39021,498.9
40089,498.8
54007,498.8
19063,498.7
48067,498.7
42077,498.6
55065,498.5
05033,498.5
31111,498.4
22101,498.4
18023,498.3
13139,498.3
28077,498.0
21073,497.9
37019,497.9
19153,497.8
47017,497.8
40075,497.8
13241,497.7
01015,497.7
47155,497.7
12103,497.6
29023,497.6
12069,497.6
54075,497.5
48407,497.4
37171,497.4
39093,497.4
39115,497.4
27033,497.4
05145,497.3
55089,497.3
47143,497.3
31173,497.3
48503,497.2
39139,497.2
54035,497.2
37109,497.1
36007,497.0
09011,496.8
39067,496.7
47173,496.7
17123,496.7
39163,496.7
40135,496.7
37187,496.7
36093,496.5
17013,496.5
38067,496.5
36065,496.4
48251,496.4
39129,496.3
18053,496.2
48079,496.0
51111,495.9
13111,495.9
17111,495.8
29055,495.8
13275,495.8
40101,495.7
22087,495.7
48365,495.7
48345,495.7
13045,495.6
27115,495.5
40105,495.5
29179,495.4
48385,495.3
17203,495.2
48289,495.0
22055,495.0
47033,495.0
54029,494.9
39059,494.9
21181,494.7
27011,494.7
24047,494.7
19183,494.7
28109,494.7
18167,494.6
48457,494.6
12007,494.6
36107,494.5
55001,494.3
13019,494.3
27097,494.3
39097,494.2
21067,494.2
13273,494.2
45029,494.2
27171,494.1
37151,494.1
55137,494.1
24029,494.1
26085,494.0
12113,494.0
37057,494.0
22077,494.0
36077,493.9
13199,493.9
54097,493.9
13129,493.8
54109,493.8
21159,493.8
12041,493.8
21013,493.8
33017,493.7
39013,493.7
18117,493.7
44009,493.7
39147,493.6
28063,493.6
36079,493.6
17081,493.6
19061,493.6
05047,493.6
48291,493.5
12023,493.5
51620,493.5
19033,493.4
21083,493.4
37157,493.4
46085,493.3
17181,493.3
19155,493.3
40125,493.3
27067,493.2
13237,493.2
19161,493.2
39103,493.2
53027,493.1
18165,493.1
42125,492.8
47079,492.8
29151,492.8
13011,492.8
37179,492.8
13299,492.7
29079,492.7
45023,492.6
36095,492.6
22059,492.6
27041,492.6
40037,492.6
40049,492.5
37155,492.5
13229,492.5
12003,492.3
39023,492.2
17163,492.1
40015,492.0
40151,492.0
13213,492.0
22037,491.9
29203,491.9
17053,491.9
27037,491.9
24025,491.8
48507,491.8
13001,491.8
51025,491.7
33013,491.7
21209,491.7
48359,491.7
31177,491.6
55051,491.6
44003,491.6
37137,491.4
13179,491.4
37023,491.3
53045,491.3
28091,491.2
28111,491.2
54069,491.2
37069,491.1
36101,491.1
13117,491.1
47013,490.9
18005,490.9
19025,490.9
26099,490.8
13223,490.8
19099,490.8
27157,490.7
17141,490.7
29113,490.6
31055,490.5
12123,490.5
24009,490.4
38041,490.4
27121,490.3
05119,490.3
24039,490.3
54021,490.2
30111,490.2
31181,490.2
37061,490.1
37199,490.0
19175,490.0
05013,489.9
27141,489.8
37049,489.8
42087,489.7
13081,489.7
28061,489.7
51073,489.6
46023,489.5
47121,489.5
45047,489.5
05139,489.5
18159,489.4
33019,489.4
05021,489.4
30051,489.3
05095,489.3
13321,489.3
19117,489.2
46029,489.1
13225,489.1
05051,488.9
17039,488.9
40029,488.8
39085,488.8
09007,488.8
39101,488.8
53029,488.7
42065,488.7
47053,488.7
30103,488.6
38059,488.6
27069,488.6
55123,488.6
05045,488.5
54095,488.5
34033,488.5
05053,488.5
54025,488.4
55069,488.4
53053,488.3
51033,488.2
22017,488.2
27091,488.2
27049,488.2
37033,488.1
28089,488.1
19187,487.8
34019,487.8
48097,487.8
26039,487.7
34001,487.6
40119,487.6
06007,487.6
48281,487.6
54101,487.5
13281,487.5
26129,487.5
27017,487.5
51117,487.4
29041,487.4
47015,487.4
27045,487.3
01035,487.3
23013,487.3
13233,487.3
13157,487.2
39083,487.2
38055,487.2
37129,487.1
24011,487.1
53067,487.1
17049,487.0
53035,487.0
29117,487.0
22053,486.8
48277,486.7
17041,486.7
54067,486.6
27043,486.6
34021,486.6
05055,486.5
36115,486.4
19047,486.2
13215,486.2
13079,486.2
18041,486.1
05029,486.1
23031,486.1
21213,486.1
39077,486.0
51099,485.9
28049,485.8
19167,485.8
48463,485.7
13027,485.6
17169,485.6
22015,485.6
26011,485.6
31153,485.6
37081,485.4
12115,485.4
37083,485.4
19105,485.4
29099,485.3
21165,485.3
13287,485.3
01127,485.3
23025,485.3
19043,485.2
24510,485.2
21211,485.1
28145,484.9
16079,484.9
55057,484.9
42069,484.9
17015,484.8
45033,484.8
37159,484.8
48437,484.8
47109,484.8
24015,484.5
13291,484.5
37097,484.5
19123,484.5
13119,484.3
29141,484.3
30029,484.3
23011,484.2
51770,484.2
55085,484.1
54077,484.1
37093,484.1
47077,484.0
21091,484.0
48027,483.9
28135,483.9
24035,483.9
39027,483.8
27131,483.8
28025,483.8
41007,483.6
39145,483.5
19177,483.5
13285,483.5
27173,483.5
33005,483.5
39031,483.5
37065,483.4
16087,483.4
17187,483.4
37047,483.3
39009,483.3
19103,483.3
12005,483.2
36053,483.2
19129,483.2
18029,483.1
19141,483.0
47069,483.0
36019,483.0
27083,483.0
21177,483.0
13277,482.9
42021,482.8
33007,482.8
18021,482.8
27075,482.8
01027,482.8
23023,482.7
17157,482.6
31083,482.6
22043,482.6
24041,482.6
42121,482.5
13065,482.5
42049,482.5
39033,482.5
48413,482.4
48159,482.3
22073,482.2
17069,482.2
45087,482.2
29157,482.2
13317,482.1
51071,482.1
13133,482.1
48501,482.0
09009,482.0
47177,482.0
37013,481.9
28059,481.8
01109,481.8
18133,481.7
48035,481.7
37169,481.7
13191,481.7
17175,481.6
54003,481.6
27099,481.6
13015,481.5
19065,481.5
39095,481.5
46013,481.5
51147,481.5
48127,481.4
05107,481.4
22115,481.4
13245,481.4
16023,481.2
12055,481.2
37089,481.2
28155,481.2
19055,481.2
42007,481.1
39029,481.1
39071,481.1
39005,481.1
22033,481.1
27123,481.1
42033,481.0
48497,481.0
51149,480.9
47081,480.9
31025,480.9
42109,480.9
21003,480.9
10005,480.8
51197,480.8
18131,480.7
02130,480.7
23003,480.7
24037,480.7
48361,480.6
30055,480.5
37115,480.4
39025,480.3
24005,480.2
30093,480.1
18125,480.1
19051,480.0
17073,479.9
18069,479.9
13017,479.8
51017,479.8
29159,479.7
38031,479.7
51590,479.6
21119,479.6
21227,479.6
13259,479.6
16075,479.5
26145,479.5
29195,479.4
40069,479.4
13149,479.4
19157,479.3
47029,479.3
55023,479.3
53061,479.1
37197,479.1
29186,479.1
42035,479.1
13151,479.0
17195,479.0
05005,479.0
13097,478.9
53057,478.8
34027,478.8
39039,478.7
29143,478.6
39019,478.6
42013,478.6
55083,478.5
29101,478.4
29065,478.4
12121,478.4
37067,478.3
29121,478.2
40043,478.2
26007,478.1
37051,478.1
09003,478.0
39113,477.9
27093,477.8
26111,477.8
40087,477.8
26035,477.7
28139,477.7
09015,477.6
21175,477.6
47045,477.5
40071,477.5
39135,477.4
13033,477.4
40021,477.3
19093,477.3
18157,477.2
17197,477.1
13185,477.0
48423,477.0
12029,476.9
28067,476.8
39035,476.8
18119,476.7
26073,476.6
13211,476.6
46121,476.6
37085,476.6
01123,476.6
13085,476.6
47123,476.5
22079,476.5
40081,476.5
42099,476.5
21205,476.5
33001,476.4
36033,476.4
29185,476.2
16027,476.2
41033,476.2
26163,476.2
28151,476.1
12111,476.1
27169,476.1
30079,476.0
17097,476.0
18097,476.0
18149,476.0
17093,475.8
26001,475.8
16035,475.8
21143,475.8
27101,475.8
28147,475.7
36025,475.7
51790,475.7
13153,475.6
55071,475.5
13115,475.4
39061,475.4
26147,475.4
19181,475.4
51630,475.3
18081,475.3
28131,475.2
29161,475.2
37041,475.2
27139,475.1
51595,475.1
13069,475.0
36041,475.0
16021,475.0
53073,475.0
19101,474.9
38081,474.9
22021,474.9
46117,474.8
51075,474.8
28065,474.8
13005,474.8
55009,474.8
40137,474.8
22075,474.7
30085,474.7
01051,474.6
29019,474.6
29047,474.6
24003,474.4
28045,474.4
22095,474.3
17067,474.3
42119,474.2
27143,474.2
27039,474.1
05035,474.1
47119,474.1
46135,474.1
36003,474.1
29189,474.0
51775,474.0
17103,473.9
30035,473.8
39045,473.7
29219,473.7
01131,473.7
39073,473.7
46053,473.6
39153,473.6
37025,473.6
17147,473.5
55039,473.4
13303,473.4
18033,473.2
33015,473.2
47101,473.1
26143,473.1
39055,473.0
29011,472.9
05117,472.9
31037,472.8
48233,472.8
09005,472.7
17155,472.6
37017,472.6
29169,472.5
50021,472.4
18171,472.4
18183,472.4
45045,472.4
55041,472.4
42067,472.3
26057,472.3
19197,472.2
22051,472.2
54013,472.2
48231,472.2
45075,472.1
39165,472.1
27105,472.0
13077,472.0
47073,472.0
48167,472.0
40059,472.0
46059,472.0
54057,471.9
47009,471.9
29153,471.9
47083,471.8
28137,471.8
18095,471.8
48181,471.8
05037,471.6
47023,471.6
01079,471.6
12117,471.6
42005,471.5
12093,471.5
48257,471.5
05115,471.4
55031,471.4
38077,471.4
42011,471.4
28107,471.3
40143,471.3
39159,471.3
48133,471.1
54009,471.0
17095,471.0
47059,471.0
31063,471.0
18163,471.0
48455,471.0
51036,470.8
12073,470.7
28117,470.7
48331,470.7
47165,470.7
53007,470.6
48223,470.6
16045,470.5
30053,470.5
39143,470.5
38015,470.4
21007,470.4
13071,470.4
36071,470.4
28087,470.3
54063,470.2
40091,470.2
46065,470.1
48375,470.0
48199,470.0
39017,470.0
19191,470.0
31113,469.9
23017,469.9
40011,469.9
31027,469.9
22019,469.9
48221,469.9
29031,469.8
29015,469.8
36027,469.8
05067,469.7
40129,469.7
18137,469.6
47163,469.5
47147,469.5
51109,469.4
37031,469.4
55081,469.3
40133,469.3
13121,469.3
48401,469.3
25023,469.3
27013,469.3
26019,469.3
37147,469.2
17087,469.2
05071,469.2
39109,469.2
27147,469.2
47181,469.1
09013,469.1
50005,469.1
55121,469.1
29037,469.0
31149,469.0
55053,469.0
17105,469.0
22057,469.0
12085,468.9
48451,468.7
42015,468.6
28093,468.6
05125,468.6
48059,468.6
33003,468.5
40023,468.5
48467,468.5
22127,468.5
47025,468.4
05063,468.4
37015,468.4
21025,468.3
37079,468.3
42039,468.3
47057,468.2
28007,468.2
41009,468.2
12051,468.1
21061,468.1
13193,468.1
38071,468.0
05131,468.0
48383,467.8
47035,467.8
39007,467.7
51081,467.7
18047,467.6
31041,467.6
13127,467.6
30049,467.6
29027,467.5
19005,467.5
40149,467.5
19087,467.4
21219,467.4
27145,467.3
29081,467.3
47097,467.3
47185,467.3
42111,467.3
17019,467.2
54061,467.2
13067,467.1
01013,467.1
32019,467.1
48161,467.1
47061,467.1
40127,467.0
51800,467.0
30071,466.9
48293,466.8
38009,466.8
30047,466.8
26125,466.8
01107,466.7
29213,466.7
54065,466.6
45035,466.5
47089,466.5
37095,466.5
37131,466.5
26033,466.4
12119,466.3
48469,466.3
48185,466.1
47107,466.1
27103,466.0
21129,465.9
40103,465.9
46101,465.9
01055,465.9
29091,465.8
55003,465.8
48473,465.8
29107,465.7
42051,465.7
34003,465.7
37113,465.6
37039,465.6
13123,465.4
36087,465.3
48321,465.3
22107,465.3
47145,465.1
48177,465.0
53031,465.0
13207,465.0
29051,464.9
05109,464.9
42003,464.9
55139,464.9
48305,464.9
48125,464.8
46005,464.8
09001,464.8
54037,464.8
13021,464.8
40073,464.8
41013,464.8
05009,464.8
37037,464.7
46097,464.7
37021,464.7
55055,464.6
37119,464.4
54089,464.4
06087,464.3
26047,464.3
47153,464.3
40095,464.1
18107,464.1
13247,464.1
45073,464.1
45077,464.0
13125,463.9
19081,463.9
51145,463.9
29135,463.8
12049,463.7
55019,463.7
06083,463.6
05105,463.6
31011,463.6
13313,463.5
13295,463.5
47063,463.4
39173,463.4
47105,463.3
29167,463.2
40035,463.2
47001,463.1
46102,463.1
18135,463.0
08061,463.0
37183,463.0
36089,463.0
19083,463.0
28097,462.9
05049,462.9
28023,462.9
13283,462.8
42017,462.8
36109,462.7
46083,462.7
46107,462.7
31001,462.7
48139,462.7
28073,462.7
47183,462.7
55117,462.6
29073,462.5
19169,462.4
45083,462.4
27085,462.4
48449,462.3
54055,462.3
26025,462.2
37091,462.2
48203,462.2
45021,462.2
40053,462.1
55111,462.1
39043,462.0
12067,461.9
39069,461.9
54047,461.9
37105,461.9
53047,461.7
05073,461.5
37135,461.5
05011,461.4
26101,461.4
05149,461.4
48309,461.4
18075,461.3
31053,461.3
40031,461.3
28157,461.3
48403,461.3
55135,461.2
18091,461.2
48387,461.1
48171,461.1
13147,461.1
39133,460.9
45043,460.8
29013,460.8
48441,460.8
37123,460.8
02180,460.8
25027,460.7
40121,460.7
24021,460.7
28029,460.6
55097,460.6
27053,460.5
13265,460.4
29089,460.4
55063,460.4
26045,460.4
17133,460.3
16029,460.2
06089,460.2
46037,460.2
19077,460.1
19027,460.0
33011,459.9
47065,459.9
45041,459.9
17201,459.8
01001,459.8
26107,459.7
41051,459.7
29229,459.6
48197,459.6
12015,459.6
17185,459.6
26069,459.5
53055,459.5
29007,459.5
39157,459.4
42043,459.3
29077,459.3
26165,459.3
40123,459.3
42133,459.2
49009,459.2
27063,459.1
13099,459.1
39003,459.1
18173,459.1
48037,459.1
13167,459.1
51177,459.0
17051,458.9
21033,458.7
25003,458.7
38097,458.6
31019,458.5
31099,458.4
36119,458.4
51041,458.4
42085,458.3
01129,458.3
19165,458.3
48483,458.2
51760,458.2
32510,458.2
39149,458.2
46051,458.2
40131,458.2
37195,458.1
06079,458.1
13055,458.1
19189,458.0
55129,458.0
02070,457.9
47031,457.9
27133,457.8
49013,457.8
39049,457.7
05077,457.7
48005,457.6
51047,457.5
28153,457.5
29025,457.4
47003,457.4
17089,457.4
27019,457.4
37035,457.3
29183,457.3
06041,457.3
56029,457.2
48115,457.2
48135,457.2
37003,457.2
45049,457.1
50019,457.1
26151,457.1
47049,457.0
19039,457.0
47047,456.9
46067,456.8
17035,456.8
47151,456.8
38035,456.7
47027,456.6
36111,456.6
12081,456.6
48335,456.4
50025,456.4
05079,456.3
18063,456.3
05137,456.3
39151,456.3
34035,456.2
50007,456.2
47189,455.9
48381,455.9
29131,455.8
29209,455.8
49043,455.7
51063,455.7
30073,455.7
48285,455.6
28033,455.6
26055,455.5
30041,455.4
46047,455.4
06115,455.4
48431,455.4
48083,455.4
06097,455.3
51037,455.2
48099,455.2
45067,455.2
27009,455.1
31169,455.1
47175,455.1
40061,455.0
12043,455.0
13141,455.0
29059,455.0
33009,454.8
55061,454.8
30109,454.8
18111,454.7
17165,454.6
55021,454.6
26155,454.6
53017,454.5
51710,454.4
17109,454.3
29095,454.1
13279,454.1
17043,454.1
26059,454.0
18121,454.0
13107,454.0
47093,453.9
16001,453.9
55025,453.9
55043,453.8
47099,453.8
17059,453.8
13109,453.8
46035,453.8
51119,453.7
13063,453.7
39041,453.6
42115,453.6
40147,453.6
13307,453.5
56021,453.5
23005,453.4
23001,453.4
51015,453.4
41047,453.4
37063,453.4
46125,453.4
48009,453.3
39137,453.3
42073,453.1
42105,453.1
18127,453.0
12077,453.0
45019,453.0
51735,452.9
28009,452.9
55115,452.8
34031,452.8
26087,452.8
31093,452.8
47051,452.7
12013,452.7
48179,452.7
51159,452.6
17071,452.6
48395,452.6
30017,452.6
24017,452.6
01121,452.4
23007,452.4
40113,452.3
28133,452.3
31139,452.1
05017,452.0
18089,451.9
51193,451.9
02020,451.8
48025,451.8
37185,451.7
34039,451.6
48425,451.6
13135,451.4
06103,451.4
10003,451.3
28101,451.2
48039,451.1
45027,451.1
39107,451.1
01065,451.1
49023,451.0
51087,451.0
29039,450.9
27151,450.9
50015,450.8
55141,450.8
13145,450.7
29003,450.7
19049,450.6
27055,450.6
42009,450.6
47071,450.6
05123,450.5
46057,450.5
29171,450.5
40047,450.5
01103,450.4
18129,450.4
48053,450.3
18073,450.2
01067,450.1
24043,450.1
47161,450.0
48319,450.0
51009,450.0
47149,449.9
01101,449.9
16049,449.8
48089,449.7
40051,449.6
30099,449.6
42061,449.6
12045,449.5
29029,449.5
46079,449.5
13181,449.1
38099,449.0
51005,448.8
42123,448.7
27153,448.6
27149,448.6
55027,448.5
28123,448.4
13209,448.4
01005,448.3
45007,448.3
51740,448.3
46025,448.0
48123,448.0
21105,448.0
13047,448.0
26105,448.0
06023,447.9
51093,447.9
36105,447.9
13197,447.9
17177,447.8
13083,447.7
51550,447.6
13293,447.6
01133,447.6
47141,447.5
37193,447.5
17045,447.4
18169,447.4
17159,447.4
16055,447.3
13155,447.3
47179,447.2
34023,447.2
13089,447.2
47041,447.0
18071,447.0
48417,447.0
29225,447.0
51175,446.9
49053,446.8
48409,446.8
50017,446.7
50003,446.7
22091,446.7
31135,446.7
44001,446.6
39169,446.6
29009,446.6
51133,446.3
55005,446.3
39117,446.3
39057,446.3
50023,446.1
18143,446.0
13073,446.0
17029,446.0
51021,445.8
48303,445.8
50027,445.8
06111,445.6
30007,445.6
22065,445.6
37009,445.6
49055,445.5
55087,445.5
02105,445.5
47139,445.5
27071,445.3
51750,445.2
01091,445.2
45091,445.1
25021,445.1
29033,445.1
26157,445.0
55029,445.0
12047,444.9
47187,444.9
40109,444.9
13251,444.9
51085,444.8
45065,444.8
47157,444.8
39091,444.7
40013,444.6
48057,444.5
51023,444.5
37149,444.4
25001,444.4
51065,444.4
17007,444.4
12071,444.4
26065,444.3
55045,444.3
51067,444.2
31127,444.2
19079,444.2
19109,444.1
30063,444.1
21233,444.1
48193,444.1
06043,444.1
22029,444.0
19009,444.0
26123,444.0
01003,443.9
51045,443.9
16071,443.9
26135,443.9
01045,443.8
05015,443.8
42071,443.7
45069,443.7
02122,443.7
48049,443.6
16017,443.5
13051,443.5
51810,443.5
41035,443.5
49045,443.4
48267,443.4
12097,443.4
31075,443.4
48349,443.3
47113,443.1
46119,443.1
18011,443.0
01097,443.0
06109,442.8
18013,442.8
54023,442.8
48439,442.8
37043,442.7
39099,442.7
38061,442.7
13113,442.7
54017,442.6
29049,442.6
49057,442.6
05007,442.4
53033,442.3
40145,442.2
01069,442.1
01087,442.1
55073,442.1
30011,442.0
17161,441.9
26113,441.8
12001,441.8
16005,441.7
48477,441.6
16083,441.6
19173,441.6
45063,441.5
41005,441.5
48219,441.5
55099,441.5
26141,441.3
38003,441.3
18113,441.2
01017,441.0
26089,441.0
18153,440.9
26021,440.9
31029,440.8
40063,440.8
27073,440.7
37099,440.7
16073,440.6
55015,440.5
34013,440.5
05101,440.4
02090,440.3
38039,440.2
48353,440.1
19185,440.0
18015,440.0
13023,439.9
16013,439.7
27047,439.7
21101,439.7
40079,439.6
49011,439.5
01029,439.5
12027,439.4
06061,439.4
28039,439.4
28005,439.4
46011,439.4
47125,439.4
30089,439.3
48249,439.3
48209,439.3
26133,439.2
35021,439.2
45055,439.1
26009,439.1
49029,439.1
12091,439.0
26117,439.0
45059,439.0
41029,439.0
28099,439.0
48491,439.0
49005,438.9
13087,438.9
42001,438.9
29043,438.8
51181,438.8
01115,438.7
26031,438.7
31067,438.7
31131,438.6
48397,438.5
50011,438.4
40019,438.3
12099,438.2
48265,437.9
13131,437.9
01111,437.9
39051,437.8
30097,437.8
22071,437.8
37011,437.7
37189,437.7
51029,437.6
48227,437.4
29119,437.1
31155,437.1
28015,437.0
01073,437.0
05003,436.9
51077,436.9
42075,436.9
32031,436.9
44007,436.8
48021,436.8
46007,436.8
42117,436.7
31115,436.7
18037,436.7
47007,436.6
48001,436.6
31039,436.6
01075,436.6
49007,436.5
51049,436.5
48493,436.4
47135,436.3
31017,436.3
26063,436.2
48003,436.2
51700,436.2
31051,436.1
55017,436.0
26041,435.9
02290,435.8
39011,435.7
16057,435.7
48245,435.5
28001,435.5
16059,435.5
54027,435.5
46103,435.4
30067,435.4
27135,435.3
13183,435.3
42101,435.3
26093,435.2
30105,435.2
17127,435.0
17031,435.0
42091,434.8
50009,434.8
31121,434.8
28159,434.7
17047,434.5
29129,434.5
45085,434.5
55049,434.5
40009,434.4
28011,434.4
28085,434.3
37127,434.1
25013,434.1
37055,434.0
18057,434.0
48031,434.0
48253,433.9
47131,433.9
48259,433.9
23015,433.8
48113,433.8
28003,433.7
42041,433.7
55007,433.7
47129,433.7
05113,433.7
18147,433.6
40017,433.5
17085,433.5
28069,433.4
45031,433.3
02170,433.1
16011,433.1
38101,433.1
25005,432.9
28103,432.9
39175,432.9
48339,432.8
13235,432.8
06055,432.8
22061,432.6
47037,432.6
39063,432.6
13059,432.5
40003,432.5
46039,432.4
06017,432.3
42103,432.3
48019,432.3
29061,432.3
28149,432.2
31081,432.2
18003,432.2
04012,432.2
55095,432.1
31147,432.1
31185,432.1
30021,431.9
30031,431.9
26037,431.9
29105,431.8
29001,431.8
06033,431.6
18077,431.5
02198,431.3
01021,431.1
41053,431.1
48225,431.0
26161,430.9
06009,430.9
31123,430.9
51680,430.7
13175,430.7
01071,430.7
48429,430.6
31079,430.5
37075,430.4
50001,430.0
25009,430.0
51163,430.0
51095,430.0
40083,429.9
30081,429.9
31141,429.9
06073,429.9
51031,429.9
12011,429.8
30013,429.8
28079,429.7
45051,429.7
01095,429.7
18061,429.7
51161,429.6
48313,429.6
48131,429.4
31151,429.4
01007,429.4
56045,429.1
06113,429.1
42053,429.0
48093,429.0
26015,428.8
51125,428.8
17113,428.8
48239,428.8
42063,428.7
48481,428.5
55107,428.4
18027,428.3
48065,428.3
47171,428.1
13031,428.1
12021,428.0
01099,427.9
12086,427.5
32005,427.5
48129,427.5
01033,427.5
17033,427.4
45071,427.4
01063,427.3
48121,427.3
29177,427.3
32001,427.1
30057,427.1
45005,427.1
48405,427.1
36061,427.1
51917,427.0
13161,426.9
08069,426.8
16019,426.7
37175,426.7
26023,426.6
42045,426.6
31145,426.6
31143,426.4
39161,426.3
41071,426.1
47133,426.1
51113,426.0
40005,425.7
02068,425.5
06005,425.4
05089,425.4
45015,425.4
51199,425.3
27031,425.3
01019,425.2
48047,425.1
06099,425.1
01011,425.1
46115,425.0
16015,424.9
21225,424.9
26159,424.9
28121,424.8
16069,424.8
51650,424.6
05099,424.6
38089,424.6
48415,424.4
28071,424.4
45001,424.2
48299,424.2
48191,424.1
08107,424.0
48187,424.0
29510,424.0
42027,423.7
29147,423.6
47019,423.6
45009,423.6
12095,423.5
31101,423.4
40027,423.3
40041,423.2
28021,423.2
31119,423.1
18039,423.0
42029,422.8
48453,422.8
48013,422.7
46015,422.6
28075,422.6
26077,422.6
48487,422.6
56007,422.3
35057,422.3
13007,422.2
16009,422.1
31089,422.0
48091,422.0
13219,421.7
47055,421.7
51187,421.6
08077,421.6
26067,421.6
17191,421.4
17101,421.4
55013,421.3
29109,421.3
41067,421.3
28037,421.3
39125,421.3
49019,421.2
31157,421.1
16051,421.1
01009,421.1
18105,421.1
06069,421.1
39155,421.0
11001,420.9
47011,420.9
51179,420.9
13201,420.9
28105,420.9
41017,420.7
30003,420.7
32021,420.7
30061,420.5
13249,420.5
39171,420.5
06013,420.5
01031,420.3
51079,420.1
48465,420.1
55119,420.0
05065,419.9
12037,419.8
42127,419.8
48145,419.8
41057,419.6
41011,419.5
29155,419.5
01093,419.3
38083,419.3
15001,419.2
18141,419.2
30009,419.1
48419,419.0
26081,418.7
08099,418.7
29085,418.6
13091,418.4
13267,418.3
48029,418.2
48287,418.2
46019,418.1
49021,417.9
49051,417.9
08029,417.9
31069,417.9
55011,417.7
48297,417.1
24027,417.1
45039,416.9
29215,416.8
35051,416.7
55109,416.6
28041,416.5
16053,416.5
29145,416.5
08045,416.2
48333,416.0
06045,415.9
30025,415.9
46043,415.8
49035,415.6
41043,415.5
40001,415.5
48085,415.5
05027,415.5
36005,415.4
08015,415.4
18025,415.0
48391,415.0
48041,414.9
35043,414.9
31097,414.8
40065,414.7
45025,414.7
56025,414.6
53077,414.6
01083,414.6
06081,414.6
05087,414.4
01057,414.3
06059,414.3
06095,414.2
21055,414.2
26049,414.2
15009,414.1
48149,413.9
51089,413.9
26097,413.9
01061,413.8
16085,413.7
36047,413.7
42031,413.6
01043,413.5
29005,413.5
01119,413.4
13093,413.4
51165,413.4
51139,413.4
18043,413.4
56005,412.9
13243,412.9
26149,412.8
48107,412.8
55113,412.6
28019,412.4
45089,412.3
48055,412.3
56039,412.3
25017,412.2
16065,412.1
55037,411.9
01059,411.8
40039,411.7
40045,411.5
04015,411.5
56001,411.4
51083,411.3
08123,411.3
48389,411.2
18087,411.2
55103,411.0
48325,410.8
17023,410.8
13043,410.8
26137,410.7
05143,410.7
49001,410.5
48461,410.3
06101,410.3
38091,410.2
06067,410.1
16067,410.1
47137,410.0
26003,410.0
51720,410.0
48323,409.9
13049,409.9
37143,409.8
48347,409.7
40033,409.7
44005,409.3
48201,409.3
06057,409.2
18085,409.2
48153,409.1
51035,409.1
16031,409.0
13003,408.9
51155,408.7
51600,408.6
38069,408.6
31109,408.5
18099,408.5
01047,408.5
41069,408.5
49027,408.5
41031,408.4
48411,408.4
51171,408.2
31023,407.7
30045,407.7
25015,407.6
29067,407.3
08001,407.2
01089,407.2
19001,407.2
18049,406.9
19021,406.8
01077,406.8
38019,406.7
17151,406.6
48169,406.6
18123,406.4
53041,406.4
56031,406.3
47095,406.2
16063,406.0
01105,405.9
48255,405.8
41027,405.7
39037,405.6
04025,405.6
55035,405.5
02275,405.4
46093,405.4
53005,405.4
30059,405.3
42129,405.2
18175,404.9
26091,404.6
53025,404.6
21063,404.6
46089,404.5
08035,404.3
06029,404.1
15003,404.0
08073,404.0
08059,403.9
26029,403.9
18103,403.7
47091,403.7
48175,403.5
25011,403.5
26109,403.4
49003,403.4
48273,403.3
02110,403.3
31047,403.2
48155,403.1
41049,403.1
06039,403.0
38073,402.9
47087,402.9
56033,402.5
05091,402.5
12131,402.4
02150,402.3
42019,402.3
48329,402.2
04003,402.2
31059,402.1
41065,402.0
48427,401.8
49049,401.7
16081,401.7
51003,401.6
35013,401.5
55091,401.4
29057,401.4
36031,401.3
48075,401.3
08101,401.0
05097,400.9
04019,400.9
18151,400.6
46091,400.5
49039,400.4
51840,400.4
48163,400.4
08031,400.3
06077,400.1
06075,400.0
05061,400.0
36081,399.8
26027,399.6
06019,399.5
31031,399.5
48295,399.5
31013,399.4
08081,399.1
24031,398.8
30091,398.8
26103,398.7
53049,398.5
06065,398.5
26005,398.5
46009,398.4
08055,398.4
01039,398.3
25025,398.3
06071,398.3
41041,398.2
08005,397.9
48195,397.5
12087,397.4
45079,397.4
42057,397.3
48157,397.2
48235,396.7
29217,396.6
48015,396.2
41037,396.1
38103,396.1
16047,396.1
30083,396.1
46045,396.0
24033,395.9
48117,395.9
06085,395.8
40055,395.8
41059,395.8
42083,395.8
51830,395.6
38011,395.6
04013,395.4
16041,395.3
30001,395.3
40099,395.3
24023,395.1
48111,395.1
56011,394.9
16003,394.9
42055,394.9
48143,394.6
47127,394.5
48211,394.3
26095,394.2
31073,394.1
46069,394.1
48283,394.0
38045,394.0
18019,394.0
31043,393.9
12065,393.7
51091,393.6
08085,393.4
08013,393.3
01113,393.0
51069,392.8
02188,392.5
38075,392.3
41019,392.1
01053,392.1
48247,392.1
30023,392.0
40141,392.0
53069,391.8
45057,391.7
35001,391.5
13271,391.4
29165,391.4
48475,391.3
46123,391.2
48279,391.2
49041,391.1
45003,390.5
05081,390.3
46061,390.3
53021,390.3
45013,390.3
38013,390.3
02158,390.2
01117,390.2
06047,390.1
25019,390.1
31015,389.9
35035,389.7
08041,389.6
48141,389.6
02050,389.5
56009,389.5
56013,389.3
06053,389.3
18155,389.1
51141,388.8
40153,388.1
51061,388.1
38033,387.9
26139,387.9
32029,387.8
41063,387.6
49017,387.3
51001,387.2
08091,387.2
53015,387.1
13269,387.1
41015,387.1
48445,386.5
17193,386.5
48341,386.5
04027,386.2
35009,385.9
48505,385.9
48173,385.7
30101,385.5
51157,385.4
53037,385.3
31137,385.0
15007,384.9
01037,384.8
35061,384.7
13165,384.7
48237,384.6
08067,384.4
06011,384.2
46129,383.9
55033,383.8
12079,383.6
31007,383.3
29125,383.3
01125,383.2
56003,383.2
06001,383.1
02100,383.0
37139,382.8
05057,382.8
18017,382.8
40093,382.7
08095,382.5
53011,382.3
26115,382.1
32023,382.1
38029,381.9
08103,381.9
06037,381.3
13315,381.2
08089,381.0
16077,380.8
48189,380.8
08039,380.5
51011,380.0
25007,380.0
56035,379.8
56037,379.8
48355,379.7
06063,379.4
35053,379.4
08119,379.1
31107,378.8
48061,378.6
46033,378.5
40139,378.4
38095,377.9
49015,377.8
29211,377.8
45061,377.5
08014,377.4
04021,377.4
30075,376.8
40007,376.6
51540,376.4
45011,376.4
34017,376.2
08009,375.8
39121,375.6
51121,375.4
01023,375.1
01049,374.7
04011,374.4
06031,374.2
29197,374.0
29063,373.8
49047,373.7
04017,373.5
48069,373.3
56023,373.1
37005,372.8
30027,372.7
08043,372.7
18179,372.3
53071,372.1
40085,372.1
38043,371.7
17065,371.6
46081,371.2
48017,371.2
48215,370.6
29173,370.4
30039,369.5
35015,369.3
51107,369.0
32003,368.9
51660,368.7
35049,368.3
31179,368.1
48101,367.9
41061,367.0
38093,366.7
26071,366.5
32011,366.5
51143,366.4
56043,366.3
01081,366.2
35037,365.8
54031,365.6
02220,365.6
06107,365.5
51683,364.9
08071,364.9
48109,364.6
51043,364.3
31163,364.3
38105,364.1
53063,363.9
38037,363.1
06025,363.0
37029,362.9
02013,362.8
05133,362.4
08093,362.3
48489,362.1
35028,362.0
16043,362.0
13253,361.8
48479,361.8
31159,361.7
38085,361.4
48393,361.4
48271,360.9
32015,360.8
31033,360.8
51153,360.5
06027,360.3
32013,359.6
30015,359.5
56017,359.1
48357,359.1
48327,358.9
02195,358.7
13239,358.6
48103,358.5
48087,358.4
53013,358.3
35029,357.7
48371,357.4
18001,357.4
51685,357.4
53039,357.3
51510,357.0
51195,357.0
35059,356.7
02060,356.7
06093,356.5
54071,355.5
26127,354.8
26121,354.3
35006,354.1
48495,354.0
56019,353.8
38025,353.7
35023,352.7
55093,352.2
08087,351.7
49037,351.7
38051,351.5
56015,349.6
48165,349.5
45017,349.3
53043,349.1
53023,349.0
16007,348.6
46109,347.5
41025,346.7
35003,346.5
51173,346.2
35027,346.2
02282,346.1
47103,345.9
38053,345.6
46105,345.6
16037,345.1
48205,345.0
45037,345.0
02261,344.5
51059,344.5
72001,344.4
35025,344.4
56041,344.3
53001,344.0
51167,343.5
45053,343.4
08051,343.3
49031,343.3
32017,343.3
35005,342.8
39075,342.6
49033,342.5
31057,342.4
53051,342.2
45081,342.1
26053,341.8
31133,341.7
53059,340.9
26153,340.6
08003,340.2
13309,339.7
06015,339.2
06035,339.0
08105,338.8
12063,338.7
41023,338.0
08083,337.4
04007,337.3
31161,336.9
48421,336.5
31049,336.5
26131,336.3
12133,336.1
46063,335.3
31103,334.6
35011,334.4
30005,334.3
51610,334.1
16025,333.8
48263,333.7
08075,333.7
08007,333.6
41003,333.0
08121,332.8
32007,332.6
40057,332.6
51051,332.3
04009,332.1
48369,331.8
38023,331.4
51013,331.2
35041,329.8
38001,329.7
04005,329.6
08063,329.4
46137,328.9
53065,328.9
08037,328.5
04023,327.8
31045,327.5
35019,327.1
13061,326.2
06051,326.1
41045,325.7
35017,325.1
35045,324.4
29199,323.8
51185,323.5
26043,322.3
08097,322.0
08117,321.1
08113,320.0
16033,319.9
48095,319.3
31085,319.2
08065,319.0
53003,318.9
31105,318.4
04001,318.2
08033,318.2
08027,317.9
35033,317.8
31091,317.6
51105,317.3
08047,315.7
48443,313.9
08023,313.2
08125,311.9
35031,311.7
51191,311.3
35047,310.3
35055,308.1
08019,307.5
26013,304.7
08049,303.9
35039,303.6
37053,303.4
41039,302.7
41001,302.4
38021,301.2
26061,300.7
35007,300.5
46021,299.5
02230,299.5
48043,298.8
08115,298.8
51027,296.8
48377,294.6
38047,294.4
06091,292.6
41055,292.6
53019,292.1
08021,291.3
08011,288.9
40025,288.7
32027,288.7
08025,287.6
31167,287.0
08079,284.6
02185,284.4
37073,279.2
30019,278.8
46031,278.6
12059,278.6
06049,277.0
06105,274.6
08109,271.2
02016,270.5
31183,256.8
48243,253.3
48447,251.8
51169,250.8
53075,249.5
51520,248.3
30033,246.7
38065,245.1
06003,242.4
32033,239.9
26083,225.2
56027,217.9
41021,216.6
31165,208.8
